1	A One Solar Solutions	Madurai	Tamil Nadu	Ashok Kumar/ Vinodhini	9488335111	solar.arenterprises@gmail.com	33ABJFA4888L1ZX	A One Solar Solutions 	No. 104A, Sekar Complex, Vilangudi,, Madurai	625018
2	A.M Electronics	Thiruvalla 	Kerala	Mikku Kurien, 	9447015971	amsonups@gmail.com	32AAXFA7618K1ZZ	Mr. Mikku Kurien ,A.M Electronics , 	Amson Building,Niranam PO, Thiruvalla,  Kerala	689621
3	A.M.M FOUNDATION	Chennai 	Tamil Nadu	Thirumalai : 	9663844980		33AAATA0509N2Z0	A.M.M Foundation	No.3, Sriram Nagar, North Street, Alwarpet, Chennai	600018
4	A.P.ORGANICS LTD	Sangrur	Punjab	IQBAL SINGH  	9781241232	iqbal.aps@gmail.com	03AACCA4673L1ZO	Village Manwala, 	SARON ROAD,DHURI, DIST-SANGRUR	148024
5	A2Z RENEWABLES 	Ernakulam	Kerala	Mr. James	9567240000	james.joseph@a2zrenewables.com	32BAHPM9507N1ZB	Mr. James, No. 66/2680, 1st floor, Krishna Bhat Towers	Pullepay Road, Pullepay P.O., Ernakulam , Kerala	682035
6	Ablers Service Pvt Ltd	Gurugram	Haryana	Varun	8750685725	ablersservices@gmail.com	06AAMCA5262F1ZQ	Ablers Service Pvt Ltd ,  No: 815A-8th Floor,	 Unitech Arcadia, Sec 49, Gurugram- , Haryana	122018
7	Accurate Powertech India Pvt ltd	Pune	Maharashtra	Santosh -	9011021370;  9764440669	sales@accuratesolar.in	27AAICA4815C1ZZ	Accurate Powertech India Pvt ltd ,  Rohan Tower,4,5,6,Opp.Mega Mart,, 	Mumbai Pune Road,, Dapodi, Pune –, Maharashtra	411012
8	Acme Pumps & Power Projects Ltd	Lucknow	Uttarpradhesh	Mr. Amarnath	9415110231	acmepumps@gmail.com	09AACCA2947D1ZW	No.23-D G.B. Marg (Latouche Road), Opp. PNB,	 Lucknow - , Uttar Pradesh	226018
9	Adithya Aqua Tech Solutions	Coimbatore	Tamil Nadu	Nithya 	9095694444, 9095694777	purchase@adithyaaqua.com; accounts@adithyaaqua.com	33AJXPA8576B1Z1	"""Experience Center For Water & Energy"", D.No:36/1, To 36/4, , G.N. Mulls (Post),"	Coimbarore -, Tamilnadu	641029
10	Aditya Green Energy Pvt Ltd	Pimpari-Chinchwad	Maharashtra	Mr. Amol Birajdar - 	9182121338	mail@adityagreenenergy.com	27AAJCA4909N1Z8	Block no:1, kapil plaza, Near udyog Bhavan, signal camp, - 	Latus, Maharashtra 	413512
11	Aditya Solar Solution	Mumbai	Maharashtra	Kapil - 90222 27221	Kapil - 90222 27221	"	adityasolarsolution@gmail.com"	27ABMFA7200R1ZZ	Aditya Solar Solution ,  C 303, Harsh Plaza Tower, Hatkesh,, Near Gcc Club, 	Miraroad , Malad East , Mumbai Maharashtra	401107
12	Agam Solar,	Chennai 	Tamil Nadu	Chockalingam	9444005319	agamenergy@gmail.com; alrm.chocks@gmail.com	33ALPPM2407D1ZF	Agam Solar, ,  Flat 3B, P 43, P Block,, 6th Avenue, 	Annanagar, Chennai - 	600040
13	Agam Solar,	Anna Nagar, Chennai	Tamil Nadu	M. Chockalingam 	9444005319	agamenergy@gmail.com	33ALPPM2407D1ZF	Mr.Chockalingam ,Agam Solar, ,Flat 3B, P 43, P Block, 6th Avenue, 	Anna Nagar, Chennai - 	600040
14	AGP Solar	Thiruvallur, Kanchipuram	Tamil Nadu	Mani-9698011086	8903648408	sparktanjore@gmail.com	33BFGPV9479E1ZV	AGP Solar ,  2/146 , PK Road, Kovur, Tiruvallur, 	 Chennai-	600128
15	Alfa Associates (TN)	Chennai 	Tamil Nadu	R. Narayanasamy /Mr. Rajakumar	 9600444114 / 7373333970		33ASGPS8061D1ZQ	R. Narayanasamy, Alfa Associates (TN), No.1, Maheswari Nagar, 150ft Bypass Road,Velacherry, Chennai - 600 042.    9600444114	,Velacherry, Chennai	600042
16	Alfa Projects & Services	Bhuvaneshwar	Odissa	Sushree Subhadra Swain	8637280207	pap@alfaindia.com	21AAICA3834D1Z8	"Plot No-352, Aerodrome Area,
"	Bhubaneswar - 	751020
17	Alistair Technology	Nagpur	Maharashtra	Mr. Denis	7620596937			#N/A		
18	Alphaloop Solar LLP	Gurgaon	Haryana	Tarun	9971136369	info@loopsolar.com	06ABBFA1648N1ZE	Alphaloop Solar LLP ,  No.715, Emerald Plaza, Sector 65,, 	Gurgaon –  (HR), Haryana	122102
19	Alterenergyz	Mapusa	Goa	Mr. Prasad	8888788026 & 9423882473	alterenergyz@gmail.com	30ABEFA4565H1ZR	ALTERENERGYZ, D - 206, Tamarind, Scenic Acres, Fatorda, 	Margao, GOA - 	403602
20	Ampere and There Private Limited	Vesu	Gujarat	Ketan - 	9978685867	help@thesolarc.com	24AAPCA6129E1ZR	"110, SNS Business Park, Opp. JH Ambani School, University Road,  Mr. Ketan - 9978685867				
"	Vesu -  Gujarat,	395007
21	Amudh Enterprises	Pondicherry	Pondicherry	VASU	9842950019	amudhenterprises@gmail.com	34ABMFA9181D1ZD	Amudh Enterprises, AVMC Campus, Pondy Cuddalore Main Road,	Kirumambakkam, Puducherry - 	607 402
22	Amplus Energy Solutions Pvt Ltd	Bhopal 	Madhya Pradhesh	Mr. Gopal Sagitra    	91799 15139    	gopal.sagitra@amplussolar.com	23AALCA7543E1ZT	Amplus Energy Solutions Pvt Ltd ,  Shop no 203, Hamidia road   	Bhopal -  Madhya Pradesh, India.	462001
23	Anish Sousa Enterprises	Mormugao	Goa	Siddhi Barde	8983646360	info@sun360.co.in	30AVJPM3535A1Z6	Anish Sousa Enterprises, 10/158/A, Menezes Sousa Building, Near Sanjivani Hospital,Vasco, Baina, 	Mormugao, Goa 	403802
24	Archita Renewable Energy	Awadhpur Balaghat 	Madhya Pradhesh	Sourabh Bajpai	7898727625	saurabhbajpai_in@yahoo.com, saurabhbajpai1945@gmail.com	23AERPB2584F1ZM	Mr. Sourabh Bajpai , Archita Renewable Energy , House No 286,W.No 33, Dwarka Bhawan , Moti Nagar,  	Pawar Layout , Awadhpur Balaghat  - , Madya Pradesh	481 001
25	Arham Energies	Bangalore 	Karnataka	Mr. Hitesh 	9886492661	arhamenergies@gmail.com		"#82/2,10th cross,CBIroad,Ganganagar, -
Contact – 080-48662721/+91 9886492661"	Bangalore	560024
26	Anuj Sanitation & Builders	Ludhiana	Punjab	Ms. Poonam : 	7508003154	glowrayssolar154@gmail.com	03ABAPJ4417H1Z7	Anuj Sanitation & Builders ,  Basant City,Threekay Road,, Back Side Keys Hotel,, Sua Road, Opp. Kwality departmental store., 	Ludhiana	141012
27	Aries Industries	Mumbai	Maharashtra	Mr. Dendra Shetye   	022-24976886	devendra@ariesindustries.in	27ANSPS4951R1ZP	Mr. Dendra Shetye ,Aries Industries ,42 /A2 Shah and Nahar Ind Estate, S.J.Marg, Dhanraj Mill Compound, Lower Parel West, 022-24976886	Mumbai 	400013
28	Arka Sustainable Energy Solution	Mumbai	Maharashtra	Ankush Ahuja  	8806480480	aarkinternational480@gmail.com	27AJFPT8238B1Z2	Arka Sustainable Energy Solution ,  559A, Mali Gali, North Shivaji Nagar, Tal. Miraj, Dist Sangli, 	Maharashtra	416416
29	"ARCEDO SYSTEMS_x000D_
	"	Mysore	Karnataka	Mr. Ramesh : 	99488 00645	"	gnrao@arcedo.net,  sandeep@arcedo.net"	36ABGFA9411L1Z9	ARCEDO SYSTEMS, Plot No: 1486, #402, 4th Floor,, Amarendar Sunitha Homes, Beside Dollar Hills Road,, Pragathi Nagar, India.	Telangana  	500 090
30	Arken Solutions Pvt Ltd	Bangalore 	Karnataka	Mr.Sampath Kumar - 	9000 54127	arun@arkensolutions.com : sampath@arkensolutions.com	29AAICA0624R1Z9	Arken Solutions Pvt, Ltd, lV Floor, No, 16, Haudin Road, 	Bangalore, Karnataka	560042
31	Ashwamedha Energy & Infratech Pvt Ltd	Kundapura Taluk	Karnataka	Shreya R 	9448440799	karthik.yadiyal@ashwamedha-energy.in	29AANCA9861B1ZC	Ashwamedha Energy & Infratech Pvt Ltd ,  No. 15, Durga Krupa Complex,, Main Road, Siddapura, Kundapura Taluk,, Udupi Dist,	 Karnataka	576229
32	Ashwini Pawar	Auroville	Tamil Nadu	 Mr. Kaarthik	9789986736	NA	URP	Ashwini Pawar, Kavadi Form, 	Auroville 	605111
33	Atonsys	Pune	Maharashtra	Sachin Salavane   	9860204002	info@atonsys.com		#N/A		
34	Attuned Energy	kerala	Kerala	 Mannatti Ravi   	8547855385			#N/A		
35	Auriel Solar and Green Tech	Trissur	Kerala	Anil Crescent Roche 	9497841357	aurielsolar@gmail.com	32AZUPA3077A1ZQ	Mr.Anil , Auriel Solar Energy , Adarsh Building , Triveni Junction  , Annanad P.O, Chalakudy, 9497841357	Thrissur, Kerala	680309
36	Auroni Solar Energy	Sanjeevi Nagar	Pondicherry	Sivangnanam  	8098782678	sivagnanam.auroni@gmail.com 	34BNVPS6384L1ZV	Sanjeevi Nagar, 	Puducherry  	605 111
37	Auroville Electrical Service (Dr)	Auroville	Tamil Nadu	Mr. Ramesh :  & Prasanna.	0413-2622264	aves@auroville.org.in	33AAATA0037BPZ3	Auroville Electrical Service (Dr) ,  Service Area, 	Auroville 	605 101
38	Autotek Engineers	Jalna	Maharashtra	Mr Gaur –	9595379379	autotek.engg@gmail.com	27BEKPG6906G2ZE	Autotek Engineers ,  No. 318, Venkateshwar Nagar, Mantha Naka, 	Jalna, Maharashtra	431203
39	AV Index Electrical & Electronics	Arani	Tamil Nadu	Shanmugam - 	9360082789		33BWOPS5413E1ZH	Arani, Mr.Shanmugam - 9360082789, AV Index Electrical & Electronics, Villima Street, Boomiyarpalayam,Vanur Tk, 	Villupuram District	605104
40	AVN Automation and Solar	Jalore	Rajasthan	Ajay Yadav - 90010 91680	 90010 91680	"	avnautomationsolar@gmail.com"	08AFXPY6695M1ZS	AVN Automation and Solar ,  A-1 Shivaji Nagar, Jalore, 	Rajasthan 	343001
41	Avyaya Technologies Pvt Ltd	Bangalore 	Karnataka	Manohar	080 2310 0228	manohar@savitru.com; pns@savitru.com; ravindra@savitru.com	29AAICA4220D1Z2	Avyaya Technologies Pvt Ltd ,  No.5, 1st Floor, 3rd Cross,, 4th Main, Rajajinagar Indl Town, 	Bangalore, Karnataka	560 044
42	Battery Bunk	Bangalore 	Karnataka	Mr. Kiran Kumar -	7022227222	"	dharan.v08@gmail.com"	29AUEPK7318K3Z6	Battery Bunk ,  No. 125, 3rd main, 15th 'A' Cross,, B.S.K 3rd Stage TG Layout, Ittamadu, 	Bangalore, Karnataka	560085
43	Beacon Storage Systems Pvt Ltd	Kalady	Kerala	Joe	99461 08507	Kuruvilla.joe@beaconpowersys.com	32AAHCB7636F1ZT	Beacon Storage Systems Pvt Ltd ,  Piraroor P.O. Kalady,Angamaly, 	Kerala	683574
44	Bebin Joy	Ernakulam	Kerala	Mr. Vipin	6238012911,   8943256351	info@mercuryenergy.in	32BDWPJ2818M1Z3	Bebin Joy, Mercury Energy Solutions, University Road, Edappally,	 Ernakulam, Kerala	682 022
45	Best Solar Power	Kottakuppam 	Tamil Nadu	NA	9600975646	greenlandashram@gmail.com	URP	No: 25, Umar Pulavar Street, India.	 Kottakuppam, Tamil Nadu	 605 104
46	Bhagwat Energy	Pune	Maharashtra	Mr. Prashant Bhagwat    	9822435419	prashant@bhagwatenergy.com		Mr. Prastant Bhagwat , Bhagwat Energy Pvt. Ltd. , C1 706, Kamal Green Leaf, , Kirkatwadi, Mob: +91 9822435419	 Pune, Maharashtra	411041
47	BHARAT SOLAR	INDORE	Madhya Pradhesh	Mr Agarwal 	7581804010	info@bharatsolar.co.in	23AVGPA2938N1ZK	BHARAT SOLAR, ADDRESS - 111, ANAND NAGAR,CHITAWAD ROAD, INDORE,	 Madhya Pradesh	452001
48	BDNS Energy Solutions LLP	Kozhikodu	Kerala	Mlohammad Rafi	7994000182	"	info@extrawatts.in"	32AAVFB8284E1Z5	BDNS Energy Solutions LLP ,  No. 1 / 345B. Near Kadavu Resort, NH Bye Pass, Azhinjilam, 	Kozhikode, Kerala	673632
49	Bijlee Led Lighting Pvt Ltd	Nagpur	Maharashtra	Shiv sial 	9535348867	bijleesolar@gmail.	27AAGCB4178F1ZM	A/1 indirasagar apartment R.N.T Road, Civil lines, 	Nagpur, Maharashtra	440 001
50	Bonivo Solar Power Solutions	Trivandram	Kerala	Mr. Rahul	9388881917	benivopowersolutions@gmail.com		#N/A		
51	BRILLO SOLAR PRIVATE LIMITED	EDAPALLY	Kerala	Prajan	9995323592	prajinlalp@gmail.com,sales@brillosolar.in	32AAJCB2420K1Z0	BRILLO SOLAR PRIVATE LIMITED ,  BRINDAVAN BUSINESS CENTER,37/2400-A9,, GROUND FLOOR, MANIMALA ROAD,, 	EDAPALLY, Kerala	682024
52	Cares Renewables Pvt Ltd	Coimbatore	Tamil Nadu	Siva	9003877641	siva@caresrenewables.com	33AAFCC2484E1ZY	#12/303, Vellakinar Pirivu, G.N.Mills Post, 	Coimbatore, Tamilnadu	641029
53	CASA INFRATECH PRIVATE LIMITED	Bhuvaneshwar	Odissa	Manoj	 9040005874 & 9437005874	mkparichha@gmail.com	21AAECC0044R1ZT	CASA INFRATECH PRIVATE LIMITED ,  HOUSE NO.4, ARYAPALLI,PATIA,,	 BHUBANESWAR, ODISHA	 751 023
54	Bhaskar Solar			Mr. Bhaskar Kolambe	9130661555	bhaskarsolarpvtltd@gmail.com		#N/A		
55	CELCO ENERGY CORPORATION	Thirivanandhapuram	Kerala	Prajin – 	9995323592	celcoenergy@gmail.com	32ADBPT7399D1ZC	CELCO ENERGY CORPORATION ,  Muziris Nagar, Kodungallor,	 Kerala	
56	Changela Sealing Solutions	Rajkot	Gujarat	Mr. Mahesh: 	9737984777	finance@teknixgroup.com	24AELPP3339Q1ZU	Changela Sealing Solutions, Ground Floor, VIRAL PLAZA, Shop No 12,13,14, Near Bank of Baroda, GIDC Metoda,Rajkot, 	Gujarat 	360021
57	Chirayu Power Pvt Ltd	Khamgaon	Maharashtra	Karan Chopda Cell: -8888383033	Karan Chopda Cell: -8888383033	karan@chirayupower.com	27AAGCC3581P1Z3	Mr.Karan Chopda , Chirayu Power Pvt Ltd , No.C-1/1, MIDC, Near Law College, 8888383033	Khamgaon, Maharashtra	444303
58	Circuit	Trissur	Kerala	Mr Maniappan V- 94956 31938   	Mr Maniappan V- 94956 31938   	"	sales.circuits@gmail.com"	32AUZPV9689F1ZE	Circuit ,  Vellaikkal House, Nellankara, 	Thrissur, Kerala	680651
59	Clean Max Enviro Energy Solutions Pvt.	Bangalore 	Karnataka	Shashikumar – 	9482943292	shashi.kumar@cleanmax.com	29AAECC1568J1ZE	Clean Max Enviro Energy Solutions Pvt. ,  No. 48/13, 2nd Floor, 40th Cross, 3rd Main Road,, 8th Block Jayanagar, 	Bangalore, Karnataka	560082
60	Conservit Power Solutions Private Limited	Kolahpur	Maharashtra	Mr Aniket Jadhav 70203 09081	70203 09081	aniket@conservit.in	27AAJCC0426G1ZX	Mr Aniket Jadhav , Conservit Power Solutions Private Limited , E Ward, 204, New Shahupuri, , Kolhapur, 70203 09081	 Maharashtra	416001
61	Cranfinia Energy Private Limited	Bangalore 	Karnataka	Kavitha John	John : 7358325836 / 7619193399	"johnmelchizedek@cranfinia.com>, ""rao.adithya"" <rao.adithya@cranfinia.com>,"	29AAHCC1884G1ZF	Cranfinia Energy Private Limited ,  #307, Vishnu Arcade, 3rd Cross, Shanboga Colony,Yemalur Main Road, 	Bangalore, Karnataka	560037
62	Celestial Rene experts			John Melchizedek   	7358325836 / 7619193399	johnmelchizedek@cranfinia.com		#N/A		
63	Datum Energy Systems Private Limited	Pune	Maharashtra	Bharat Phalak, 98231 35276	Bharat Phalak, 98231 35276	datumenergy@gmail.com	27AADCD2566N1ZA	Mr.Bharat ,Datum Energy Systems Private Limited ,3rd Floor, DATUM House, Plot No. 11, Lane No. 9, S.No. 6/6/1+6/7/7+6/10/4, Pakharbag, Bavdhan (KH),	Pune, Maharashtra	411021
64	Dehlsen Engineering LLP	Calicut 	Kerala	 Rijul Joseph 	8129736458	project@dehlsenengineering.com	32AAQFD3340L1ZE	Dehlsen Engineering LLP ,  Room No 7, Second Floor, Csi Shopping Complex,, Mananchira P. O, 	Calicut, Kerala	673001
65	Devadutt Vasudevan	Kollam	Kerala	Devadutt vasudevan	974 3306 7171	"	devadutt123@gmail.com"	URP	Devadutt Vasudevan ,  Devanivas, Vilavoorkonam PO, Kalluvathukkal, Kollam ,	Kerala	691578
66	Dhanashree Solar Electricals	Latur	Maharashtra	Mr. Suhant -	8805150900	desolarenergy@gmail.com		#N/A		
67	Digilox Electronic Security Solution	Jalgaon	Maharashtra	 Mr Saurabh	96191 44233	"	digiloxess@gmail.com"	27AAJFD3513E1ZS	Mr Saurabh, Digilox Electronic Security Solution, WA 54/55 MIDC, 96191 44233	JALGAON, Maharashtra	425001
68	Diman Solar	Ahmadabad	Gujarat	 Vivek Fadadu	9265075722	purchase@dimansolar.com		#N/A		
69	Dinkar Solar	Batala	Punjab	Mr. Dinkar Sally	7837870786	dinkarsolar@gmail.com		1st Floor, Beco Complex,G.T.Road, Batala,India	Punjab	
70	Diwakar Soltek Pvt Ltd	Bellary  	Karnataka	shreedhar	NA	"
shreedhar@diwakarsoltek.com"	29AAGCD6972R1ZL	"Mr. Shreedhar , Diwakar Soltek Pvt Ltd , 2nd Floor, ' Surabhi Enclave"" , Patel Nagar, Bellary District , 9448367433"	Hosapete,  Karnataka  	583201
71	Druidic Energy Pvt Ltd	Thiruvalla	Kerala	Harshali 	9920315267		32AAGD5272L1ZJ	Druidic Energy Pvt Ltd, Thekumthala building, 1st floor, Podipara junction, Eraviperoor, 	Kerala, Thiruvalla	689542
72	Eco Power Solutions	Ernakulam	Kerala	Mr Tharun 	9847661828	tharun@ecopowersolutions.co.in	32GNUPS6847G1Z6	Eco Power Solutions, X/319, Kizhakkekera House, Kadayiruppu, Kadayiruppu, P.O,	 Ernakulam, Kerala	682311
73	Ecosoch Solar Private Limited	Bangalore 	Karnataka	Harsha-	9535240349	harsha@ecosoch.com	29AADCE8640G1ZH	"No.1443, ""B"" Block, Railway Parallel Road, Sahakaranagar, "	Bangalore, Karnataka	560 092
74	EDSEL Energy Developers LLP	Pathnamthitta	Kerala	Harshali Ranjith 	9920315267	"	Harshali@druidicenergy.com"	32AAHFE9958J1ZY	EDSEL Energy Developers LLP, 3rd Floor Madukuvelil Complex, Pullad, Pathnamthitta, 	Thiruvalla, Kerala	689548
75	Electrum Power Infra Pvt Ltd	Jaipur	Rajasthan	Mr. Abhishek Agarwal	9772983222		08AAECE6679E1ZD	41, Shiv Kripa, Gulmohar Lane,, Sirsi Road, Khatipura, Mr. Abhishek Agarwal, 9772983222	Jaipur,  Rajasthan	302021
76	Electrum Power Infra Pvt Ltd	Jaipur	Rajasthan	Abhishek Agarwal	9772983222		08AAECE6679E1ZD	Electrum Power Infra Pvt Ltd ,  150, Janakpuri 2, Imliwala Phatak, 	Jaipur	302 005
77	Elinks Solar	Surat	Gujarat	Mr. Jaydeep	9727796006	elinksolar@gmail.com	 24AAHFE6831G2ZJ	17/316,Shashtrinagar Khatodara Colony, Udhana Darwaja,	surat	395002
78	Elite Power Corporations	Palladam	Tamil Nadu	Shiva	9384441279	elitepowercorporations@gmail.com	33BLXPJ1500P1ZS	Mr.Shiva , Elite Power Corporations, 3/528, KN Puram, Lakshmi Mills, tele: 9384441279	 Palladam, Tamil Nadu 	642202
79	Dry Solar Energy	Jaipur	Rajasthan	Mr. Ravindra Sharma	8058598619	drysolar@yahoo.com		#N/A		
80	Endaver Solutions	Nagpur	Maharashtra	Sagar Patel	9423158298	shriganeshenterprisesjln@gmail.com 		Mr.Sagar Patel ,Endeavour Solutions,  ,Vyankatesh Nagar, Building No. E6, Flat No.34 , Near KDK College, Nandanvan, India ,9272091666	Nagpur, Maharashtra	440009
81	ENNEXT RENEWABLE SOLUTIONS PVT LTD 	Bangalore 	Karnataka	Mr. Biju PC	97319 41800	biju.pc@ennext.in	29AAFCE4382B1ZQ	NO. 37 & 38 RR Complex,Opp to Bharath Seva Ashram Jakkur,Amruthahalli Main Road,Navyanagara Jakkur, 	Bangalore	560064
82	ENRG VISION LLP	Vadodara 	Gujarat	JAYKUMAR RAMESHBHAI PATEL / RAJENDRA VINODBHAI DARJI	9099680028	energy.vision20@gmail.com	24AAIFE3766H1ZD	ENRG VISION LLP ,  SF28, Kasper Square Opp. Gangotri Exotiva,, 30 Mtr Gotri  Laxmipura  Road, Gotri,	VADODARA	390021
83	Enthinks Energy Solutions	Kadambode	Kerala	Arun	9048452552	enthinks.in@gmail.com	32AXTPT8941R1Z6	6/592C, Kadambode Po,Pandikkad via 	Kerala	676 521
84	E-Solution Renewables	Nazhik	Maharashtra	 Rushab - 9665331514	 Rushab - 9665331514	"	Esolution.nsk@gmail.com; rushab@move2solar.in"	27AAGFE1734R1Z0	E-Solution Renewables ,  Sancheti Apartment, Rachana High School,, Off Sharanpur Road,, 	Nashik, Maharashtra	422002
85	Ete Energy 	Bhuvaneshwar	Odissa	Subhash Sahu   	8114394947			#N/A		
86	Evervolt Green Energy Pvt Ltd	Bangalore 	Karnataka	Krishna : 	9880710526	krishna@evervolt.in	29AADCE4893P1ZR	Mr. Krishna Thimmaiah , Evervolt green energy , Unit 104, 1st Floor. Earthen Phoenix. , 10th E Crodd, Nagavarapalya, CV  , Ramannagar Post ,  , 9880710526	Bangalore	560 093
87	Exclamatory Energy 	Coimbatore	Tamil Nadu	Ravi   : 	9442339728	ravikumarhalan@gmail.com	33LLNPS3700G1ZW	No.16, Maniam Kaliappa Street, Sai Baba Colony, 	Coimbatore, Tamilnadu	641 038
88	Exsun Power Infrastructure Pvt Ltd	Thodupuzha	Kerala	Anand	9745994439;  9662211099	exsunpowerltd@gmail.com	32AAFCE0093B1ZB	Exsun Power Infrastructure Pvt Ltd, No.IV/219,B4, Pala Road, Chunkam,Kolani P.O, 	Thodupuzha	 685 584
89	Fairdeal Solar	Maharashtra	Maharashtra	.Ajay	9423418669, 9766224822	"	fairdealsolarchanda@gmail.com"	27AAFFF5472Q1ZR	Fairdeal Solar ,  First Floor, Red Cross Bhawan, Opp Jayant Talkies, Chandrapur,	 Maharashtra 	442402
90	FARMSON ENVIRO CARE	Ahmadabad	Gujarat	Hitesh Prajapati, 	9687692154,91 79 40305916,	purchase.pv@farmsonsolar.com,  account@farmsonsolar.com,	24AABFF1170F1Z1	No. 135, Pushkar Industrial Estate, Phase I, Vatva GIDC,Ramol - Vatva Road,	Ahmedabad, Gujarat	382445
91	FigTips India Pvt Ltd	New Delhi	New Delhi	Kunal Wadhwa :	9810022081	"	kunal@figtips.com"	07AADCF7237J1ZG	FigTips India Pvt Ltd ,  C-96, Shivalik, Lower Ground floor,, Near J&K Bank, 	New Delhi	110017
92	Forest Way Trust	Thiruvannamalai	Tamil Nadu	Mr. Parasuraman - Arun	9943139267;9789841616		URP	Forest Way Trust, Arunagiri Children Park, Opp Government Arts College, Chengam Road, 	Tiruvannamalai	606603
93	Eshaan Energy	Vijawada	Andra Pradesh	RTN PHF B.Phani Chandra	Mr Saurabh - 8275398277, 7769985558	phanichandrab@yahoo.com	37EFGPK8141R1ZN	Eshaan Energy ,  Flat No 210, APHB Towers,, Opp GVR Music College,, BRTS Road	Vijayawada	520003
94	Fortune Energy Solution LLP	Nagpur	Maharashtra	Shripal -	 9763410000, 9403410000	shripal@fortuneenergy.in	27AAEFF8801C1ZQ	Plot No.3, Hindustan Colony,, Wardha Road, Shripal - 9763410000, 9403410000	Nagpur, Maharashtra	440015
95	Fourth Partner Energy Pvt Ltd	Hyderabad	Telangana	Anusha Vanga / Rohit ratchala	 9948496236 & '014027158865	rohitrachala@fourthpartner.co.	36AABCF6092M1Z8	Plot No.N 45, H.No.4-9-10., HMT Nagar, Nacharam, 	Hyderabad, Telangana	500076
96	Fourth Partner Energy Pvt Ltd -MH	Hyderabad	Telangana	Anusha Vanga -	 9948496236 & '014027158865	rohitrachala@fourthpartner.co.	27AABCF6092M1Z7	Fourth Partner Energy Pvt Ltd -MH ,  No.1, 5th Floor, Down Town City, Vista, Fountain Road, Kharadi,	Pune, Maharashtra, India	411014
97	Ex Solar Energy			Mr. Ashish    	8114826766			#N/A		
98	Frontline Systems and Services Pvt Ltd.	Porur, Chennai	Tamil Nadu	Venkatraman	9444020318;    044-22522500	venkat@frontlineups.com	33AAACF5213F1Z9	Venkat , Frontline Systems and Services Pvt Ltd. , Plot No.3, 2nd Cross Street, , 1st Main Road, Mangala Nagar- Porur, 9444020318	 Chennai	600 116
99	Furbo Security Solutions Pvt Ltd	Cochin	Kerala	NA	"0484 2356513, 2317813				
, 8593004955"	amsonups@gmail.com 	32AABCF6543R1ZA	"46/60, 2nd Floor, Karthika Apartments, Panapilly Nagar 0484 2356513, 2317813				_x000D_
, 8593004955"	 Cochin, Kerala	682036
100	Future Energy Resource Team	Veliyadhunadu	Kerala	Shani Rajeev; Madhu.B	9544 302 111 ; 8547 853835 ; Madhu.B. (Contact No. +91 8547 853835) 	 shani.rajeev@fertworld.com	32AADFF3409P1ZF	Future Energy Resource Team ,  HQ: #57 Bodhi Nagar, Thattamala, 	Kollam, Kerala	691 020
101	Gadgeon Lifestyle Pvt Ltd	Cochin	Kerala	Ragesh 9633186217	9633186217	finance@gadgeon.com; solar@gadgeon.com	32AAGCG5436M1ZG	Gadgeon Lifestyle Pvt Ltd ,  VI/405-E6, Off Seaport-Airport Road, Fathima Tower, Malepally Road, Thirkkakara P O,	 Kochi	682021
102	Geeta Solar							Mr.Mukesh Supanrkar ,Geeta Solar ,GEETA SOLAR SYSTEMS M- 132,  ,Behind Godawari Engineering College, MIDC, 9422031811	Jalgaon, Maharashtra, India	425003
103	GEETHANJALI ENGINEERING	Coimbatore	Tamil Nadu	P.Shelliya	9842856341, 9965556341	geethengg@gmail.com	33CXNPS5911E1ZC	No.6/290 , P.G Pudur, Masagoundenchettipalayam, Kovilpalayam, 	Coimbatore, Tamilnadu	641 107
104	GENISYS SOLAR	Alankuppam	Pondicherry	Sivamani.R	9751531511	avshivam@gmail.com	34CULPS5973H1ZY	Plot No. 4, J.M.J. Mother Land, Alankuppam, 	Puducherry	605 111
105	Gewis solar	Pune	Maharashtra	Amrut	8885856008	amrut.moharir@gewisrenew.com		#N/A		
106	Gigawatt solar 	Hyderabad	Telangana	Mr. Rajesh Parakala	9966489966	rajeshp@gigawattsolar.in		#N/A		
107	Global Energy Solutions	Bangalore 	Karnataka	Mr. Biju   	9731941800		29AFEPC0108G1Z2	42 & 43, 4th cross, Bhuvaneshwari Nagara,	Bangalore 	560024
108	G-Nexter Energies,	Villupuram 	Tamil Nadu	  J.Mohammad Riaz,	 04146-223386, 99941 90901	gnexterenergies@gmail.com	33AUUPM6894J1ZO	No. 175/1-2, M.G Road,	Villupuram, TamilNadu, India.	605 602
109	GoGreen Solar (P) Ltd	Cochin	Kerala	Mr.Shadik - 8075893119	Mabin, 9526236777	mabin@gogreenpv.com; finance@gogreenpv.com	32AAFCG1319Q1ZJ	Mr. Mabin , GoGreen Solar (P) Ltd , 1622/E AKKM Tower, , 9526236777		
110	Gram Oorja Solutions Pvt Ltd	Pune	Maharashtra	Mr. Kiran	9372862342	sumeet@gramoorja.in	27AADCG1321Q1ZI	VISHWAKALYAN, 4th Floor, S.No. 149/3 Off  ITI  Road, Near Parihar Chowk , Aundh 	Pune	411 007
111	GRATITUDE FARMS PRIVATE LIMITED	Poothurai	Tamil Nadu	VP Sharma	NA	NA	33AAHCG4370M1ZE	NEW SURVEY NO.413/9 , 413/13, Poothurai, 	POOTHURAI REVENUE VILLAGE, Tamilnadu	605111
112	Green Energy 	Bangalore 	karnataka	Mr. Babu	99480002992			#N/A		
113	Green Fuel Supplies Pvt Ltd	Bangalore 	karnataka	Mr. Deepak 	9845004988	deepak@greenfuel.co.in	29AADCV0598G1ZZ	Cottage No 4, Bangalore Palace, Vasanth Nagar,	 Bangalore	560052
114	Green Hitech Solutions	Erode	Tamil Nadu	 Prabhakar :	8883391879	greenhitechsolutions@gmail.com ;  greenhitechsolutionsofc@gmail.com	33EQZPS8038B1ZA	No. 16/1, Bangaru Nagar, Opp Vellalar Engineering college , Thendal, 	Erode	638 012
115	Green Life Solutions Pvt. Ltd.,	Nagpur	Maharashtra	Jayant Karankar : 	9225332013	pneha23@gmail.com	27AAECG7182J2Z7	Green Life Solutions Pvt. Ltd.,Plot No.-36, Atrey layout,Pratap Nagar,	 Nagpur, Maharashtra	440022
116	Green Power System	Calicut 	Kerala	Mr. Thomas : 	9847784999, 7510766999	info@greenpowersys.com	32BTZPP8379Q1Z5	Green Power System ,  No. 26 / 99F, National Building, Kallittanada Mailambadi Road,, Govindapuram Post, 	Kozhikode	673 016
117	Gurucharan Power Solutions	Aurangabad 	Maharashtra	Ramanand Kashyap	 9503485558 & 8999405107	gurucharanpower@gmail.com.	27AAQFG4733J1ZZ	Mr. Ramanand Kashyap , Gurucharan Power Solutions , A/4-12, Tirupati Garden, Tapdiya Nagar,  , Darga Road, Shanurwadi, 9503485558 & 8999405107	 Aurangabad, Maharashtra	431 005
118	GMR Solar			Mr. Ramesh	9043048653			#N/A		
119	Hct Sun ( India) Pvt Ltd	Pune	Maharashtra	PRIYANKA YADAV  : 	 91 7208930453	amol@hct.solar	27AAECH0364H1ZQ	Hct Sun ( India) Pvt Ltd, L&T Seawoods Grand Central,Tower 1, 10th floor,Office 138, Sector 40, Nerul,	Navi Mumbai, Maharashtra	400706
120	Helios Services	Hyderabad	Telangana	Mr.Kiran -	9849070064	"	kiran@thehelios.in"	36AAHFH8993C1Z1	Helios Services ,  Plot No 37, UBI Colony,, Road No 3, Banjara Hills, 	Hyderabad, Telangana, India, 	500034
121	Hemant Chemicals	Jalgaon	Maharashtra	Mr. Swapnil Cell:	0257- 2238763, 9370171647	info@hemantchemicals.com	27AABFH4349G1ZG	67, NAVI PETH OPP. OLD BUS STAND, , PH. 0257- 2238763	JALGAON, Maharashtra	425 001
122	HERS  Home Need Shop	Auroville	Tamil Nadu	Tulasi	0413-2623406	hers@auroville.org.in	33AAATA0037BXZV	HERS, Kottakarai, 	Auroville	605101
123	Hyde source solar	Bangalore 	Karnataka	Mr. Prathik	9380781216	prathik@hydesource.com		#N/A		
124	Ideal Solar	Tirupur	Tamil Nadu	Mr. Venkatasubramaniam. M; Augustin Rajasekar D	9944455780; 9003595780	sales@idealsolarsolutions.in		Mr. Venkatasubramaniam. M , Ideal Solar Solutions , No.46/60, Sadayappan Koil Street , Union Mill Street Extn, Valipalayam , 9894055780 & 9944455780	Tirupur	 641 601
125	Illume Industries	Chennai 	Tamil Nadu	Vignesh Sekaran	70920 00307	vignesh.illuminei@gmail.com		Illumine Industries Private Limited,	 Chennai	
126	India Battery Service	Coimbatore	Tamil Nadu	Mr. Akshay Parekh	9894472602	ibsibs@rediffmail.com	33ARMPA1178Q1ZH	195, Rangai Gowder Street, 	Coimbatore, 	641001
127	INDIIAAN SUN PROJECTS AND ELECTRIC WORK	Gondia	Maharashtra	Mr.Aditya - 	8087709227	"	info@indiansun.in"	27BZYPB0758G1Z1	INDIIAAN SUN PROJECTS AND ELECTRIC WORK ,  Near TV Reality Center,Ganesh Nagar, Gondia,	 Gondia, Maharashtra, India	441601
128	IndusAssist Private Limited	Haryana	Haryana	Mr. Aman Gupta	9729210008	md@indusassist.com	29AAECI3535P1Z1	IndusAssist Private Limited ,  No 92, 2nd C Main, RHCH Layout, Annapoorneshwari Nagar,	 Bengalore	560091
129	Insolare Energy Pvt Ltd	Mumbai	Maharashtra	Sudhakar, Mob- 	9821664213	chandrashekar@insolare.com	 29AABC19750P1ZR	ASK Towers, 5th Floor AECS Layout, Kundanahalli, 	Bangalore	560037
130	Insolate Solar Pvt Ltd	Faridabad	Haryana	Bharat	9810217892		06AAECI1563K1ZJ	Insolate Solar Pvt Ltd, Plot No 73, New DLF Industrial Area,	 Faridabad, Haryana	121003
131	Isha Solar  Energies,	Mangalore	Karnataka	Robin Rajesh	9074355231	"	robin.rajesh@gmail.com"	29AHAPR9184P1ZA	Isha Solar  Energies, ,  No - 439,1 St Main Road, Pailayout,	Bangalore	560016
132	Jaipur Tuffen Glass Industries Pvt Ltd	Jaipur	Rajasthan	 Cont: Mr.Saurabh Sethi - 7014545283	7014545283	saurabhsethi@soleden.in	08AADCJ2204M1ZN	Jaipur Tuffen Glass Industries Pvt Ltd, E-2285 (c), Ramchandrapura Industrial, Area Sitapura Extension, Goner Road,	 Jaipur, Rajasthan	302022
133	Jas Ecoenergy Solutions INC	Bangalore 	Karnataka	NA	9663563195	jasecoenergy@gmail.com	29BZSPA4838A1ZB	No 66, 4th cross, Govinayakanahalli, kumaraswamy layout, 2nd stage	Bangalore 	560078
134	Jighisol Systems Pvt Limited	Kukatpally	Telangana	Mr. Arrunav	   8977111277, 9618900227	arrunav@jighisol.com	36AADCJ7980J1Z1	LIG-142,, Balajinagar, Kukatpally, 	Hyderabad	500072
135	JP Solar	Kanchipuram	Tamil Nadu	Mr.Shanmuganathan - 9176008564	Mr.Shanmuganathan - 9176008564	dasanp.jps@gmail.com	33AALFJ9316M2ZW	JP Solar ,  464-1A Sirunkundram Road, Sirunkundram Village, Sirunkundram, Kanchipuram District, 	Tamilnadu	603108
136	Jubilant Consulttech.	Cochin	Kerala	Capt Francis: 	98463 44995	jubilantconsulttech@gmail.com	32AAPPF8433R1Z4	Jubilant Consulttech. Franco Enclave P T Jacob Road, South Moolamkuzhi, 	Cochin, Kerala	682507
137	Jugal Tube Pvt Ltd	Gujarat	Gujarat	Mr. Vimal Lamba	8527137400	"	jtplsolar@gmail.com"	24AAACJ6148D1ZW	Jugal Tube Pvt Ltd ,  Shed No. A2/56 , GIDC, Killa Pardi,, Dist. Valsad 	Gujarat	396125
138	KABRA ENTERPRISES	Raxaul 	Bihar	Vishnu Kabra	9431032150	vishnurxl@gmail.com	10AQOPK4172F1Z2	Kabra Enterprises, Shree Ram Path, Koiriya Tola, Raxaul,	Bihar	845305
139	Indu Sukedo Shegokar	Bhuldhana	Maharashtra	Mr. Avinash : 	9960609258	avinashsshegokar@gmail.com		#N/A		
140	Kaizen Energy	Hyderabad	Telangana	Mr. Pavan   	9963413105	kaizen.pbc@gmail.com		Office Address: 8-7-178/27, swarnadhama nagar, Old Bowenpally,	 Hyderabad, Telangana, INDIA.	500 011
141	Kalinda Solar Pvt Ltd	Karnal	Haryana	Mr.Ajeet Singh  	8529373805		06AAGCK6750L1Z6	Mr.Ajeet Singh ,Kalinda Solar Pvt Ltd ,Sco 22, Urban Estate,Sector 13, Karnal, 8529373805 , ,	Haryana 	132001
142	Kalinga Kommercials	Bhuvaneshwar	Odissa	sanjai tawan	9937007399	sd@kalingasolar.com	21AANPD9614Q1ZC	Mr.Sanjay Dhawan , Kalinga Kommercials , 23, Shubham Market, Ram Mandir Sqaure, 9937007399	Bhubaneswar	751001
143	Kankaria Solar Systems	Jodhpur	Rajasthan	Rakesh  	98290 24513	uttamrakesh@gmail.com	08AGIPK6999C1ZX	Kankaria Solar Systems, Kankaria Building, First A Road, Sardarpura,Jodhpur - 	Rajasthan	342003
144	Kaval Power Private Limited	Bangalore 	Karnataka	Mr. Ashish   	9535300288	ank@kavalgroup.com	29AAFCK9564M1ZN	No.  10 Pipeline Road, 	Bengaluru	560057
145	Kaytom Energy Private Limited	Kerala	Kerala	NA	9633159523	kaytomenergy@gmail.com	32AAGCK2770C1ZY	Kaytom Energy Private Limited, TC 6-3412, Floor-, Koodu Buildings,Kochullur Junction,	 Thiruvananthapuram	695011
146	Keystone Centre	Kothagiri	Tamil Nadu	Mr. Wilfred	9443747782	kf.keystone-foundation.org	URP	Groves Hill Road,, P.B No.35,	Kotagiri, Nilgiris.	643217
147	KKN Energy Private Limited	Chennai 	Tamil Nadu	Shakir -	7550081547	shakir@kknenergy.com	33AAFCK6574R1ZS	KKN Energy  Private Limited, Vridhi  D2, No. 45, 1st Main Road,Raja Annamalaipuram, 	Chennai	600028
148	KONDAAS AUTOMATION PVT LTD.,	Coimbatore	Tamil Nadu	uma	9244414441, 9894066529	"	uma@kondaas.com,
purchasekondaas@gmail.com"	33AAACK7337F1ZR	Branch: 5-B, Sri Alamelu Nagar, Kamarajar Road, 	Coimbatore, Tamil Nadu. 	
149	Koushith Solutions	Devangere 	Karnataka	Mr. Santosh Jain	9060331047	"	koushithsolutionsdvg@gmail.com"	29AGAPJ3772G1ZD	Mr.Santosh Jain ,Koushith Solutions , Mahaveer Road, Behind Jain Temple,  ,Mandipet, Davanagere, India ,8217463204	Davangere, Karnataka.	577001
150	Kovvai Auto Power	Coimbatore	Tamil Nadu	Mr. Akshay Parekh	9894472602	"	ibsibs@rediffmail.com"	33AEFPP5969L1ZV	Kovvai Auto Power ,  No.195, R.G.STREET, 	Coimbatore	641001
151	KRAFTWORK SOLAR PVT LTD	Kochi	Kerala	Karthik.S,	9446810999, 0484-2707228	info@kraftworksolar.com	32AABCK9840J1ZF	29/2862. ‘ADITHYA’, NEAR GANDHI SQ., POONITHURA,	Kochi	682038
152	Krannich Solar Pvt. Ltd	Pune	Maharashtra	Pavan Naigandhi 	7287045788 /7263946206	info@@in.krennich-solar.com 	27AAHCK3327Q1Z0	Krannich Solar Pvt Ltd, Gate No. 516, At Post Wagholi, Opp- To Vijay Warehousing, Katakewadi.Tal. , Haveli, Dist -	 Pune, Maharashtra	412297
153	KRIPA AGENCIES	Trivandram	Kerala	Mr. Bijesh	6238 585 155	Skysolintl@gmail.com	32BYBPS2619M1Z9	KRIPA AGENCIES, A100, Kanaka Nagar Vellayambalam, 	Trivandrum, Kerala	695010
154	KYRA PHOTON TECH PVT. LTD - TN	THIRUPUR	Tamil Nadu	 Vijay Antony    9940090198,	 Selvam/9840995741	kyraphoton@gmail.com; venkat.balaji@kyraphoton.com	33AADCE5584D2ZS	Mr. Venkat Balaji , Kyraphoton , No. 104, Kamakshi Residency, , Main Road,Sheela Nagar ,  , 9790923111	Visakhapatnam	 530 012
155	Laxminarayan Solar Systems	Jalgaon	Maharashtra	Swapnil	9370171647	info@hemantchemicals.com	27AABFH4349G1ZG	Laxminarayan Solar Systems, 67, NAVI PETH OPP.,   OLD BUS STAND,	 JALGAON, Maharastra	425 001
156	Karmasukom Energy LLP	Bhiwandi	Maharashtra	Mr. Karan	9833718047	karan@karmasukom-energy.co.in	27AAOFK5061B1ZF	Karmasukom Energy LLP ,  Unity 12, C/8, Bhumi Industrial, Pimplas, Vehele, 	Thane	421301
157	Lesol Solar LLP	Kannur	Kerala	Rimna	6235 323 231/98467 55004	info@mylesol.com	32AAHFL3153E1ZR	Lesol Solar LLP ,  OPP DINESH BHAVAN, S N PARK ROAD, P O PAYYAMBALAM,, 	KANNUR, Kerala	670001
158	Lizy Jose	Trissur	Kerala	NA	NA	NA	URP	Lizy Jose ,  Pulikkan House, 	Thrissur, Kerala	680651
159	Luma Systems	Kotayam	Kerala	Mr. Abraham Kuruvilla	9447356661	info@lumasystems.in	32CDHPK3649D1ZS	Abraham Kuruvilla , Luma Systems , Thadathil Building , Vakathanam PO, 9447356661	 Kottayam, Kerala	686538
160	Lune Technology	Chennai 	Tamil Nadu	Mr Prakash	99529 46295	sales@lunetechnology.in	33CIVPP4019D1Z6	Lune Technology, No.35/9, East Vanniyar Street, West K K Nagar, 	Chennai	600078
161	Madhav Vidya Niketan	Amristar	Punjab	Kedar Nath	9888029503	seskochi.19@gmail.com	URP	Distt Court A Block, Ranjit AVN Amritsar, 	Punjab	143 001
162	Mahalaxmi Enterprises	Jalgaon	Maharashtra	 Ratansingh Rajput	9766155861	enterprisesmahalaxmi088@gmail.com	27DJJPP0010C1ZR	Mahalaxmi Enterprises ,  Gut No. 118/1/1A, Plot No. 19, House No. 2, Ahuja Nagar, Nimkhedi Shiwar, 	Jalgaon, Maharashtra	425001
163	Manorama Singh	Pondicherry	Pondicherry	Manorama Singh	NA		URP	Manorama Singh, Lawspet, 	Pondicherry	605008
164	Maruthi Solar	Bangalore 	Karnataka	Mr. Nayak	9980140804	info@maruthisolar.com		#N/A		
165	Mathirmandir	Auroville	Tamil Nadu	Puthiyaraj 9384037091	9384037091		URP	Mathirmandir,	 auroville	605101
166	Milani Touchlife Solar Energy Pvt Ltd	Chandigargh	Maharashtra	Ms Rooma – 7307258097	7307258097	"	operationmilani@gmail.com"	04AALCM8006E1ZP	Milani Touchlife Solar Energy Pvt Ltd ,  Sco 53-54-55 Sector 17D, THIRD FLOOR SECTOR-17D, 	Chandigarh	160017
167	MITTAL GLOBAL COT INDUSTRIES	Madhyapradesh	Madhya Pradhesh	Darshan : 8855042498	8855042498	Mittalkht@gmail.com	23AAVFM4593M1ZG	MITTAL GLOBAL COT INDUSTRIES ,  Pansemal Road Khetia Dist, 	Barwani(M.P)	451881
168	Moopens Energy Services LLP	Cochin	Kerala	Mr.Suhail - 9946788884	9946788884	ceo.office@sunsenz.in	32ABGFM5237J1Z9	Moopens Energy Services LLP, 65/1098, ST Sebastian Road,	Kaloor, Kerala, India.	682017
169	Morning MeadowsV	Thrissur	Kerala	Ziyad - 	9207338027	Morningmedows@gmail.com	32AERPC2955B1ZV	Morning MeadowsV ,  Vaisyam Complex, Wadakkanchery Road,, Kechery,	 Thrissur, Kerala	680501
170	NavAlt Solar & Electric Boats Pvt. Ltd	Cochin	Kerala	Prajod; Sangeet	9947333783; 81380 26545		32AAECN5227B1Z1	NavAlt Solar & Electric Boats Pvt. Ltd ,  1st Floor,Building No:298/B1,, University Road,CUSAT PO,	 Kochi, Kerala, India	682022
171	Lightning Power Control	Coimbatore	Tamil Nadu	V. BALAJI	9790923111	kyraphoton@gmail.com	34CILPS7913R1Z9	Lightning Power Control ,  No. 23, Veeraiya Street, Vazhudavur Road,, 	Puducherry 	605 009
172	Network  Techlab (I) Pvt Ltd	Mumbai	Maharashtra	Sachin, Praveen	9167730533	"	pravin@netlabindia.com,
sachin.khamkar@netlabindia.com"	27AABCN2665A1ZT	Network  Techlab (I) Pvt Ltd ,  41, Sarvodaya Industrial Estate , Opp. Paper Box,, Off. Mahakali Caves Road , Andheri East, 	Mumbai, Maharashtra.	400093
173	New Creation	Kolkata	West Bengal	Sagar Sharma	9674735960	sagarmalsharma2@gmail.com	19AAHFN2507L1Z2	3A Regent Park, Mr. Sagar Sharma, Cell: 9674735960	 Kolkata	700040
174	Lion Energy (insolare)	vizag	Andra Pradesh	Mr. Sairam	9841669755			#N/A		
175	Liv solar			Mr. Lokesh	9945459316			#N/A		
176	NEW VENTURE RENEWABLE ENERGY	Bangalore 	Karnataka	Niranjan	6360 671 683	sales@newventurerenewableenergy.com	29BRNPR4895R1Z7	NEW VENTURE RENEWABLE ENERGY ,  Third FLOOR, No.1648, Opp. ROYAL COUNTY,, BDA Layout 8th, 	Bangalore, Karnataka	560 083
177	Nimesh Energy Solutions Private Limited	Bhopal 	Madhya Pradhesh	Mr. Ashish Vishway, 8871966627	Mr. Ashish Vishway, 8871966627	info@sunencore.com	23AAECN9610J1ZG	Nimesh Energy Solutions Pvt. Ltd., MIG 18, Bharhut Nagar, Satna,	 Madhya Pradesh	4850001
178	Nlite Energy Solutions LLP	Mangalore	Karnataka	Jeethan Castelino	9886970537	info@nliteenergy.com	29AARFN2447F1ZX	Jeethan Castelino , Nlite Energy , Tripthi complex,Adjacent to Taj motor, ,  Kankanady by Pass Road , 9886970537	Mangalore, Karnataka	575002
179	Nolly	Auroville	Tamil Nadu	Nolly	NA	 nolly@auroville.org.in	URP	Nolly, Samasti, 	Auroville	 605 101
180	Northern Light Energy	Somwar Peth,, Pune	Maharashtra	 Aditya Bhandari 	9049296783	aditya@northernlightenergy.in	27BSNPB7343D1ZT	Mr. Aditya Bhandari , Northern Light Energy , G1 Kamala Heights, , 433/D, Somwar Peth,  9049296783	Pune, IN , Maharashtra	411 001
181	NRG Technologists Pvt Ltd	Baroda	Gujarat	Mr. Chaitanya Yadri	9824652624	cyardi@nrgtechnologists.com	24AABCN8993K1ZV	NRG Technologists Pvt Ltd ,  No. 989/6 GIDC Makarpura, 	Vadodara 	390010
182	Nurture sustainable technologies	Calicut 	Kerala	Mr Sajad	9544193778	sajad@nurturetechnologies.in	32AAQFN2340A1ZT	24-1130U, VK Tower,Mankavu,	Calicut, Kerala	673 007
183	Omnipresent Solar	Pune	Maharashtra	Mr. Gaurav	9762320007			#N/A		
184	Onyx Siri Technologies	Hyderabad	Telangana	 Ms. Shirisha Polu	9000855655	sales@onyxsiri.com	36CGTPP8177J1ZB	Onyx Siri Technologies ,  2-2-1165/1/2, Tilak nagar,	Hyderabad, Telangana State	500044
185	Oorjan Cleantech Pvt Ltd	Maharashtra	Maharashtra	 Ashish Gupta-8000420229 & Saurabh- 9045757618	9004286285, 9987034594	sanjana@oorjan.com,;anagha@oorjan.com,;accounts@oorjan.com,;gautam@oorjan.com,; shreyas@oorjan.com	27AACCO0718N1ZA	710 Eco star, Vishehswar road, Goregaon( E ), 	Mumbai, Maharashtra	400063
186	Orb Energy Private Limited	Bellary  	Karnataka 	Madan Kumar S R,	9900092186	sr.madan@orbenergy.com	29AAACO8596J1ZO	Orb Energy Private Limited, No. 95 Digital Park Road,2nd Stage, Yeshawanthapura,	Bengaluru, Karnadaka, India	560 022
187	Ornate Agencies Pvt Ltd	New Delhi	New Delhi	Mr. Arvind Jain	9940270057	arvind.jain@ornatesolar.com	07AAACO2237Q1Z6	Ornate Agencies Pvt Ltd, G-14. Arunachal Building, Barakhambaa Road,	New Delhi	110001
188	Park Guest House	Pondicherry	Pondicherry	Mr. Decashish Patnai	9344941999		34AAATS2408L1ZJ	Park Guest House, Sri Aurobindo Ashram Trust, 1, Goubert Avenue ( Beach Road), 	Puducherry	605 001
189	Parry Enterprises India Limited	Chennai 	Tamil Nadu	 Arunkumar N	8056008624	ArunkumarN@corp.murugappa.com 	33AAACP3643D1ZX	Door No 200A, Madhavaram High Road, Madhavaram, 	Chennai, Tamilnadu	600060
190	Pathashaala (PCFL-KFI).	Thirukazhukundram, Kanchipuram	Tamil Nadu	Uma Iyer	7299938920/7299938910	gopinathmanikandan@hotmail.com	33AAATK0397G1ZS	Elimchampet Village, Tirukazhukundram Taluk,	 Kanchipuram District, Tamilnadu,	603 405
191	Penta Solarex Pvt Ltd	Bharatpur	Rajasthan	Mr. Lokesh -Prakhar	9782879765	prakhar@pentasolarex.com	08AACCP1486C1ZL	Penta Solarex Pvt Ltd ,  Ground Floor, R - 20, Shree Dham,, Yudhishter Marg,C- Scheme, 	Jaipur	302005
192	Pixon Green Energy Pvt Ltd	Rajkot 	Gujarat	Ms. Neha Mishra	9079637697	neha.mishra@pixonenergy.in	24AAKCP9148H1Z2	RS No 157/1, 158/1, 158/2, 165/1, 166, Of Khijadiya Nana, RS No 15/1 of Depaliya, Rajkot - Jamnagar , Padadhari.Rajkot,	Gujarat	360110
193	Next Gen Green Solar			Mr. Hemant Parikh	9867381952	info@next-gengroup.com		#N/A		
194	PN Automation and Energy Solutions	Maharashtra	Maharashtra	Himanshu Ingale	9518798020	pnaes@outlook.com	27AAUFP5446P1Z6	PN Automation and Energy Solutions ,  No. 14, Nakshtra, Pratap Nagar,	Jalgaon	425001
195	Polaar Tex	Tirupur	Tamil Nadu	Vinoth	7373727276	polaartexoffice@gmail.com	33AFOPP6530R1ZP	No.7, V.K.R. Thottam 1st Street, Bss Road, 	Tirupur, Tamilnadu	641 601
196	Powerect Systems	Trivandram	Kerala	surjit	81299 98126	uniqpower@yahoo.co.in	32AAOFP8350Q1ZI	Powerect Systems ,  Gongotri  GRAC257, First Floor,, Guruji Road, Kuruvikadu, Vattiyurkavu, 	Trivandrum 	695013
197	Power-Up Solar	Bikaner	Rajasthan	Mr Bhuvnesh	9672579346		08CYQPA0416C1ZW	Power-Up Solar, Barah Guwad Chowk, Behind Mahadev Temple,	 Bikaner, Rajasthan	334001
198	Prabhatkiran Sustainable Energy Pvt Ltd	Jalna	Maharashtra	Mayur	9423844451	accounts@prabhatkiranenergy.com	27AAJCP3301K1ZF	Mr. Mayur , Prabhatkiran Sustainable Energy Pvt Ltd , 'Vidhata' Priyadarshani Colony , Sambhaji Nagar , Jalna - 431 203, 9423844451	Jalna, Maharashtra	431 203
199	Prana Renewable Energy Pvt Ltd	Thirivanandhapuram	Kerala	Vinay 	7560807160	vinay@pranasolar.com	32AAICP9506F1ZH	 446-D, Bapuji Nagar, Pongummoodu Medical College, 	Thiruvavananthapuram, Kerala	695011
200	Prasiddhi solar Pvt ltd	Bangalore 	Karnataka	Mr Krishna-  9008231732	9008231732	krishnakumarashetty@prasiddhisolar.com	29AAKCP5140K1Z1	Prasiddhi solar Pvt ltd ,  No. 293 1st Floor, Bekkarle Complex,, Nagarbhavi 2nd Stage,	 Bangalore, Karnataka	560072
201	QRS Retail Limited	Kotayam	Kerala	Mr.C.Murugan ,Deepak P Anil : Office -	9847927449 ;  8606863722	deepakpanil@qrs.in ; anderson.kj@qrs.in	32AAACQ1665J1ZJ	Mr. Anderson, II/284, Visalatha, West Temple Road, 9446967853	 Kottayam,  Kerala 	686001
202	R J, Electricals	Bangalore 	Karnataka	Niranjan - 6360 671 683	 6360 671 683		29BMZPP8420K1Z0	R J, Electricals ,  No 2, Thirunaryana Iyengar Layout, Old Post Office Road, 7th Block ,, Jayanagar West - 	Bangalore	560070
203	Radiant Solar	Bangalore 	Karnataka	Mr . Arun Kumar	9845216865	radiantech@gmail.com		Radiant Technologies # 1274, 14th Cross, Indira Nagar, 2nd Stage  	Bangalore 	560038
204	Radianz Energy	Chennai 	Tamil Nadu	Mr. Seethram	9551293933	seetharaman@radianzenergy.com		Radianz Energy Pvt. Ltd., No. 26/77, II Floor, Dr. Ranga Road, Mylapore, 	Chennai, India.	 600 004
205	Radion Energy Pvt Ltd	Nagpur	Maharashtra	 Shubham Shiv Kumar Singh / Ankur	9834233053	info@radionenergy.com	07AAJCR5399F1ZW	S-557, School Block, Shakarpur, 	Delhi 	110092
206	Radius Solar World	Chennai 	Tamil Nadu	Z.Nadhi ul huq	8637451391	radiussolar@gmail.com	33AQRPN3262A3ZZ	Radius Solar World, M60, First Floor M Block, 9th Street, Anna Nagar East,	Chennai 	600102
207	Rajdeep Energies Pvt.Ltd	Hyderabad	Telangana	Mr. Murthy  / Mahesh	9848540264 / 77022 02384  	Powercontrol@rajdeep.co.in; Murthy@rajdeep.co.in	36AADCR3614F1ZN	Rajdeep Energies Pvt.Ltd ,  Sy. No.445&446, Medchal to Miyapur Bi-Pass Road,, Near Ayodhya Junction, Gowdavally ( V), Medchal (M), 	Hyderabad, Telangana	501 401
208	Rama Reflection India	Jodhpur	Rajasthan	Ram Jangid : 9099973475 ,9782041408	 9099973475 ,9782041408	ramareflectionindia@gmail.com	08BKRPB7338G1ZW	Rama Reflection India , No. 126,  Opp Rajasthan Hospital,  Banar Road, Jodhpur, 	Rajasthan 	342027
209	Ranganathan. V	Gingee 	Tamil Nadu	Ranganathan. V	9443243150	vrangz@yahoo.com	URP	Ranganathan. V,  No.216,Gandhi Bazar, Near Bus Stand,	Gingee, Villupuram Dist, Tamilnadu	604 202
210	Ravindra Solar energy	Belgaum	karnataka	Mr. Sumant Khot	9373679608	sumant.khot@ravindraenergy.com / raghuveer.kattimani@ravindraenergy.com		Mr. Sumant Khot ,Ravindra Solar energy ,Ravindra Energy Limited, BC 109, ,Davidson Road,  ,9373679608	Belgaum, Karnataka, India	590001
211	RBA Power Private Limited	Palladam 	Tamil Nadu	Mr. Manikandan	9840859335 / 9600074654.	cs@sbenergy.co.in	33AAHCR4102J1ZN	RBA Power Private Limited, Old No-165/4, New No 1/12A,Vengateshwara Nagar ,20th Cross Street, Ramapuram,	 Chennai, Tamilnadu	 600 089
212	Reecco Energy India Pvt ltd	Thodupuzha	Kerala	Baby Martin	9745697444	baby@reecco.com	32AAGCR3382K1Z8	No.IV/219,B4, Pala Road, Chunkam, Kolani P.O, Thodupuzha,	Kerala.	685608
213	Reena Apparels	Ludhiana	Punjab	Mr Jindal 	98153-50900/98152-50900	reenaapparels2011@gmail.com	03AEKPJ8885Q1ZK	Reena Apparels, No. 6-7, Anand Vihar,  Near Azad Nagar, Bahadur-Ke-Road, 	Ludhiana, Punjab	141008
214	REJI THOMAS	Adoor	Kerala	Reji Thomas	9633945836	rejioman@icloud.com	URP	REJI THOMAS ,  VADAKADATHU REJI VILLA, CHERUPUNCHA,, PERINGANADU. P . O, ADOOR,	 KERALA 	691551
215	Renergys Systems India Private Limited	Trivandram	Kerala	Mr.Arun - 9605322221	9605322221	"	Indiarenergy@gmail.com"	32AAGCR4791J1Z3	Renergys Systems India Private Limited ,  AP VI/683 ANUJTHENGU. P.O, 	Thiruvananthapuram	695309
216	Renq Power Solution	Cochin	Kerala	M.T. Thomas : 	7736060605	chacko@renq.co.in; thomasmt@renq.co.in	32AAGCR5649R1ZO	Renq Power Solution ,  xvII/222, College Road, Aruvithura PO, Kottayam ,	Kerala	686122
217	Ricans Green Pvt ltd	Gurugram		Mr. Samarth Agarwal	8510010565	samarth@ricans.in		#N/A		
218	Risto Solar	Pathadipalam,	Kerala	Mr. Ayob	7510237777	ceo@ristosolar.com		Ayob ,Risto Solar , 30/146 Anjikath, VMB Rd,  ,Changampuzha Nagar,  ,Pathadipalam, PO, 7510237777	 Kerala 	682033
219	Riveraa Computers	Trichy	Tamil Nadu	Muthu Kumaran	9842455119	riveraasunway@gmail.com>	33AEWPM9450L1ZP	No. 15A, 2nd Floor., Thillai Nagar Main Road,	 Trichy, Tamilnadu	620 018
220	Roop Solar	Chandigargh		Mr. Simran	9876941010	simranwalia9033@gmail.com		#N/A		
221	Raajratne Energy Holdings Pvt. Ltd.	Hyderabad	Telangana	Mr. Naresh	9177048881;  040-23559922-25	naresh.r@rehpl.co.in;  contactus@rehpl.co.in		#N/A		
222	Sachet Advisory Services Private Limited (Solars4u)	Ajmer	Rajasthan	Mr. Vishal                      	Mr. Vishal - 94140 15129                        	solars4u@gmail.com	08AAVCS0873K1ZL	Sachet Advisory Services Private Limited ,  E 4 Shastri Nagar Ajmer, 	Rajasthan 	305001
223	SACHINS IMPEX	NAVI MUMBAl	Maharashtra	Mr. Ranjit deshatwad	9168052641 /9821081528		27AAKFS6523J1ZT	SACHINS IMPEX ,  W - 350, T.T.C. INOUSTRIAL AREA,, MIDC RABALE, 	NAVI MUMBAl, Maharashtra	400701
224	Safe Tek Maintenance & Systems,	Trissur	Kerala	Mr. Joo Jacob	9946559415	joojacob@gmail.com	32AKDPJ8773G1Z3	Ponmanis Building, Chalakudy, Thrissur, 	Kerala	680307
225	SARA SOLAR ENERGY	Pune	Maharashtra	 Sachin Tule	7304089865 / 9637833899 / 9284241669	sarasolarenergy@gmail.com	27AFFPT7183R1ZC	SARA SOLAR ENERGY ,  Survey No 2, Omkar Building, Gaikwad Nagar, Dighi, 	Pune, Maharashtra	411015
226	Sauryakrupa Solar			Mr. Manoj	8275972166			#N/A		
227	Sauryouth Enterprises	Nazhik	Maharashtra	Ms Kshitija Ruikar	8855990916	enquiry@sauryouth.co.in	27APYPT4603F1ZE, 32AAHFE9958J1ZY	Ground Floor Adisha Appartment, Khanderao Colony,Near Arambh Clinic, Near Ramdass Garden,Canada Corner,	 Nashik Maharashtra	422009
228	SBR Enterprises.,	Tirupur	Tamil Nadu	 Mr. Saravanan	0421 4328809 / 9362221598	sbrenterprises09@gmail.com	33AFPPB3603L1ZM	SBR Enterprises.,No. 14A-3rd Street, Kongu Nagar,	Tirupur, Tamilnadu	641 607
229	Selvamani	Namakkal	Tamil Nadu	Mr. Bharanidharan	9965151512	dharanbharani007@icloud.com	URP	Near Essar Petrol Bunk,, Rasipuram-Tiruchengode Main Road,, Andagalore Gate, Rasipuram, Mr. Bharanidharan - 9965151512	Namakkal, Tamilnadu	637408
230	Seven Greens Solar Systems Pvt Ltd	Silvassa	Maharashtra	Bhushan -	9767601848		27AAQCS0641G1Z9	Seven Greens Solar Systems Pvt. Ltd., No: 3/34, Shree Ram Chs,Bldg No 1, MHB Colony, Khernagar, Opp Daulat Nagar,Bandra-East, 	Mumbai, Maharashtra	400051
231	Shashwat Cleanth Pvt Ltd.	Ahmadabad	Gujarat	Prasad Dongwar :	 98244 38884 | 079-40022224	purchase@shashwatcleantech.com; accounts2@shashwatcleantech.com	24AALCS6081K1ZX	Shashwat Cleanth Pvt Ltd., First Floor, A/7, Safal Profitaire,Corporate Road, Nr. Prahladnagar Garden,	Ahmedabad, Gujarat	380015
232	Shivakumar S R	Devangere 	karnataka	NA	NA	NA	29AWIPS6237P1ZI	Shivakumar S R ,  Eminent  Tower, Dental Collage Road, 	Devangere, Karnataka	577004
233	Shri Ganesh Enterprises	Jalna	Maharashtra	Mr. Chandan Lavhade - 9423158298	Mr. Chandan Lavhade - 9423158298	shriganeshenterprisesjln@gmail.com 	27ACTPL1470E1ZH	Shri Ganesh Enterprises ,  Biharilal Nagar, Nr Hotel Amit, Deulgoan Raja Road,	Jalna	431 203
234	Simba Solar Solutions	Ernakulam	Kerala	 Serin, Cell: 9633966228	9633966228	simba.financemanager@gmail.com	32ABCCS2698L1ZY	Simba Solar Solutions Pvt Ltd, 176/ 23, D2, PBA Arcade, HMT Road Kalamassery, 	Kochi	683104
235	Siret Energy Engineering Pvt Ltd	Kotayam	Kerala	Mr. Seby Manavalan	8289938301	sales@siretenergy.com	32ABBCS8296B1ZE	Mr. Seby Manavalan, Nilgiris Supermarket, Ettumanoor PO, Cell: 8289938301 , 	Kottayam District, Kerala	686631
236	Sjaar Infrastructure Pvt Ltd	Bhuvaneshwar	Odissa	 Mr. Sanjeev	9040005874 & 9437005874	NA	21ABCCS9170M1Z2	Sjaar Infrastructure Pvt Ltd, DCB-525, Dlf Info Park, Chandrasekharpur, Chandaka Indistrial Estate,	 Bhubaneshwar, Odisha	751024
237	RG Clean Energy Co	Khopoli	Maharashtra	 Nitin Kholi 7030229299	7030229299	nitin@rgcec.com	27AAYFR0446B1Z3	RG Clean Energy Co ,  1st Floor, Above Celebration Hotel, Jakhotiya Arcade, Shilpahata Khopoli, 	Maharashtra	410203
238	Sky ray Solar	Nagpur	Maharashtra	Mr. Lokesh Nandanwar	9096010191	lokeshnandanwar@skyrayssolar.com		#N/A		
239	Smart Roof Solar Solutions Pvt.Ltd	GOPALPUR	Chandigarh	Avnish Verma, 85060 56789	9810179013	 avnish@gosmartroof.com	06AAVCS6215R1ZF	PP Singhal , Smart Roof Solar Solutions Pvt.Ltd , No. 2315/23D, Rajiv Nagar, , Old Delhi-Gurgaon Road, 8506056789	Gurgaon, Haryana	122001
240	Smart Solar Energy Experts	Akola	Maharashtra	Karthik	9545556043	kartikingle03@gmail.com; smartsolarenergyexperts@gmail.com	27AEAPI8560H1ZG	Smart Solar Energy Experts ,  Kartik Ingle, Opp Petrol Pump, Chhoti Umari, 	Akola, Maharashtra	444005
241	Smart Solar Homes	Trivandram	Kerala	Alan Babu 	91-9946554540/9846465454	alan@smartsolarglobal.com	32AXGPB2240N1ZT	Thiruvathira, Kottamughal, Nalanchira P.O, 	Thiruvananthapuram, Kerala	695015
242	SN SUN POWER INDIA PVT LTD	Coimbatore	Tamil Nadu	T. Saravanan/ Nirmala	9659548833	snsunpower@gmail.com	33AAVCS4531Q1ZL	SN SUN POWER INDIA PVT LTD, 6/70A SELAKKARICHAL, SULUR,	 Coimbatore, Tamil Nadu	641658
243	Sobha Classic & Sobha Eternia Apartment Owners Association	Bangalore 	Karnataka	Mr Srijith -	 77609 84795	gsreeji@yahoo.com	29AANAS2247R1ZJ	Sobha Classic & Sobha Eternia Apartment Owners Association ,  Haralur  Road , off Sarjapur Road ,	Bangalore	 560 102
244	SOFS Clean Energy Private Limited	Anna Nagar East, Chennai	Tamil Nadu	Fredrick 	9952992555	fredrick@solarforschools.co.uk	33AAZCS1402J1Z7	SOFS Clean Energy Pvt Ltd, No.1/5, (30B/5), 1st Avenue, K Block, Anna Nagar East,	Chennai, Tamilnadu	600102
245	Solar Green Solution	vellore	Tamil Nadu	Contact No: Murali 	Contact No: Murali - +91 9600861601	sales@solargreensolutions.in	33AEEFS3862A1ZD	Solar Green Solution ,  No.6, Patel Road, Perambur,	Chennai	600 011
246	Solar Hub	Ernakulam	Kerala	George Varghese	9061348081	solarhubkochi@gmail.com	32AEEFS4942P1ZL	Solar Hub ,  No. 4/69D, Palal Building, Athani In, Thiruvaniyoor,	 Ernakulam, Kerala	682308
247	Sauryaputra Solar			Mr. Rajendra Laddha	9422279346			#N/A		
248	Prabhatkiran Sustainable Energy Pvt Ltd	Jalna	Maharashtra	Mr. Mayur	9423844451	accounts@prabhatkiranenergy.com	27AAJCP3301K1ZF	Prabhatkiran Sustainable Energy Pvt Ltd, No. 4, Jeeval Residency, Sakalecha Nagar, 	Jalna, Maharashtra	431 203
249	Sauryouth Enterprises	Nazhik	Maharashtra	Ms. Kshitija Ruikar	8855990916	enquiry@sauryouth.co.in	27APYPT4603F1ZE	Sauryouth Enterprises ,  Ground Floor Adisha Appartment, Khanderao Colony,Near Arambh Clinic, Just Near Ramdass Garden,Canada Corner, 	Nashik Maharashtra	422009
250	Solar Quest LLP	Ajmer	Rajasthan	Pranjal Dhariwal : 9600080961	Pridivraj : 9597706503, 9828661615	pranjal@solarquest.in	08ACJFS2440R2ZH	Pranjal Dhariwal , Solar Quest LLP , Shubh, Police Lines First Crossing , GOKHLE MARG, AJMER , 9600080961	RAJASTHAN	305001
251	SOLAR SQUARE ENERGY PVT LTD	Bhopal 	Madhya Pradhesh	Mr. Sujeet singh 9004334748	Mr. Sujeet singh 9004334748	bijan@solarsquare.in	27AAVCS8269F1ZI	Head Office G3 -B Wing Het Kunj, VP Road, Andheri West, 	Mumbai	400 058
252	Solarhub (PB)	Punjab	Punjab	Mr.Karan - 7018126770, 7696363183	7018126770, 7696363183	Solarhubcompany@yahoo.com	03GBLPK5300P1ZG	Solarhub (PB) ,  Phagwara Road, Opppsite Moga Sokra Pharmacy, Hoshiarpur, Hoshiarpur, 	Punjab	146001
253	Solarryte	Cuttuck	Odissa	Mr. Uday Kumar Reddy	7358258385	uday.reddy@solaryte.com		#N/A		
254	SOLECO ENERGY PVT LTD	Kochi	Kerala	Winson Mammen : 9447281085	Safia:8075669609	 admin@soleco.in	32ABCCS6458E1ZF	SOLECO ENERGY PVT LTD ,  No. 51/537©,First Floor,Highway Arcade, Victor Leenus Lane, Thykoodam,, Vytilla PO,	 Kochi, Kerala	682019
255	Soleden Power Private Limitd	Alwar	Rajasthan	Saurabh Sethi,	7014545283	saurabhsethi@soleden.in	08AAYCS6030P1ZF	Soleden Power Private Limitd, No. A - 154 Hosan Khan Mewat Nagar, Alwar,  	Rajasthan	301 001
256	Soleos Solar Energy	Rakhiyal	Gujarat	Mr. Aniket Rangholia	9033018903	aniket@soleos.in	GST NO. 36AATFK7558C1ZV.	#H-412,Sumel Business Park 7, Nr. Soni Ni Chali BRTS Bus Stand, Rakhiyal,	Ahmedabad	380023
257	SOLIS IMPERIUM LLP	Pune	Maharashtra	Mr.Atul Pawar	7304789696	amppower2u@hotmail.com ; ramharitapare95@gmail.com	27BIOPT7648L1Z5	SOLIS IMPERIUM LLP ,  ShivPushpa, 35-8 near PMT Colony, Mohan Nagar, RajgadToranaChowk, 	Dhankawadi, Pune	411043
258	Sologics India LLP	Jaipur	Rajasthan	Mr Rajesh Maloo- 9001899170	Mr Mansukh-  93526 83363	 <sologicsindia@gmail.com>Rajesh Maloo <rajeshmaloo29@gmail.com>	08ADAFS4896B1ZY	Mr Rajesh Maloo ,Sologics India LLP ,32-33, Garg Building, Vidhyut Nagar B,Near DCM, Ajmer Road , 9001899170 ,	Jaipur 	302021
259	Solray Solutions LLP	Assagoa	Goa	Ms Sandhya- 	95974 34426	sandhya@solraysolutions.com	30ADGFS0210D1Z1	Solray Solutions LLP ,  274-A, Satyam,, Pedem Road,, Mapusa, 	Goa	403507
260	Somani Solar	Nagpur	Maharashtra	NA	8766452120	SOMANISOLAR1@GMAIL.COM	27ADRFS6274N1Z0	Somani Solar, Infront of Gondwana Vikas Mandal,,Near Tukdoji Putla, 	Nagpur, Maharashtra	440024
261	Soorya Solar Systems	Udupi	karnataka	Mr.Shreesha Hedge	9379799111   ,8618717938	shreeshahegde@ymail.com	29AOZPH6154B1ZL 	3-91 Kajaragutthu, Hiriyadaka Post , Udupi, Shreesha Hedge - 9379799111, 8618717938	 Karnataka, India	576113
262	Sootless Energy Private Limited	Sriperumbudur Taluk, Irungattukottai	Tamil Nadu	Dinesh Kumar	7358559826	info@sootlessenergy.com	33AAVCS9012N1ZP	Chennai – Bangalore Highway, Opposite to Hyundai Motors,, Sriperumbudur Taluk, Irungattukottai, Dinesh Kumar : 7358559826	Tamil Nadu	602117
263	Southern Energy Development Corporation Limited	Kanchipuram 	Tamil Nadu	Mr.Sudhakar	8056481373	arunkumarn@cumi.murugappa.com	33AAECS3210R2Z9	Southern Energy Development Corporation Ltd, No.43, Parry House, Moore Street,	 Chennai,  Tamil Nadu	600001
264	Sri Aurobindo Ashram Ttrust	Pondicherry	Pondicherry	Mr.Sandeepan	9597541625		34AAATS2408L1ZJ	Sri Aurobindo Ashram Ttrust, 	Pondicherry	605001
265	Srikanth Chandrasekar	Chennai 	Tamil Nadu	Mr.Mohan -	7397555762		URP	Mr.Srikanth Chandrasekar, 90/2, 9th South Cross Street,Kapaliswarar Nagar,  Neelangarai,	Chennai, Tamilnadu	600 041
266	Srinath Engineerings	Chandrapur 	Maharashtra	NA	7447445082, 9923012344	shrinath.acnts@gmail.com	27AKUPD4811C1ZC	Old Padoli, Near Pratap Yard, Chota Nagpur Road, 7447445082, 9923012344	Chandrapur, Maharashtra	442406
267	SSK Enterprises	AHMEDNAGAR	Maharashtra	Satish Kakani - 	9422224241	adityasolar12@gmail.com	27AKVPK8549H1ZB	SSK Enterprises, 2420, Dalmandai, Opposite To Merchant Bank,	 Ahmednagar, Maharashtra	414001
268	Solar Era			Mr. Srinivas	8073382567			#N/A		
269	Standard Engineering Company	Pune	Maharashtra	Chirag Pungaliya	9822036780	shreyarpradeep@gmail.com; chirag@sunbeam.net	27ABBFS7631R1ZH	Standard Engineering Company, 131/7B, Hadapsar Industrial Estate,Near Silver Jubilee Motors,	Pune, Maharastra	411013
270	Stergy Cleantech Pvt Ltd	Cochin	Kerala	Mr. Jithu, 81368 97316	81368 97316	accounts@stergycleantech.com	32AAYCS8836K1ZG	Stergy Cleantech Pvt Ltd ,  Building No:12/16, Arattuvazhy Ward, Alappuzha,	 Kerala IN, Kerala	688007
271	Sugatu Infra Pvt Ltd	Nagpur	Maharashtra	 Devendra. Nedeem Kazi	8104914827; 7906470871	hshringi@sudatu.net	27ABBCS0023N1ZF	Mr.Nedeem Kazi , Sugatu Infra Pvt Ltd , Sugatu Infra Pvt Ltd the Playce, , 1st Floor Marathon Maxima, LBS Road, ,  Mulund West , 8104914827	Mumbai, Maharashtra	400 080
272	Sugatu Infra Pvt Ltd (GJ)	Gujarat	Gujarat	Hemant Sarangi	79770 44390	sales@sugatu.net	24ABBCS0023N1ZL	Sugatu Infra Pvt Ltd (GJ) ,  15-A/B, Shah Industrial Park-2,, Lamdapura Road, Manjusar, Savli,	 Vadodara, Gujarat 	391775
273	Sun Best	Tirunelveli 	Tamil Nadu	Rajesh : 	9994094400		33AGVPP4222E1ZE	Sun Best ,  238 / 10, Nehru Ji Road, Valli Nagar, 	Theni, Tamilnadu	625531
274	Sun Ray Products Pvt Ltd	Mangalore	Karnataka	Mr. Reji Sebastian	9538010100	"	sunraypowersol@gmail.com,
contact@sunraysol.com"	29ABCCS5572K2ZR	Sun Ray Products Pvt Ltd, Bejai Church Complex, Bejai ,	 Mangalore, Karnataka	575 004
275	Sun Trop Solar Pvt Ltd	Bangalore 	Karnataka	Neha : 9606621113, Office - 080 23119520	Neha : 9606621113, Office - 080 23119520	ankitjain@suntropsolar.com	29AASCS1914L1ZQ	Ms.Neha Bothra , No.31, 9th Main 4th Cross , RPC Layout Vijayanagar , 	Bangalore	560 040
276	Sun World Solar Systems	Thodupuzha 	Kerala	Baby Mathew 9745697444	9745697444	info@sunworldsolar.com	32AUKPS4959G1Z7	Mr. Baddy Martin , Reecco Energy India Pvt ltd , No.IV/219,B4, Pala Road, , Chunkam, Kolani P.O , 9745697444	Thodupuzha , Kerala	685608
277	Sundigo Solar 	Lucknow	Uttarpradhesh	Mr. Nishant Agarwal	8173901023	commercial@sundigosolar.com		#N/A		
278	Suninfra Energies Pvt.Ltd	 Malegaon	Maharashtra	Khalid Malik SunInfra :	 93708 30887	durgesh@suninfra.co.in	27AAWCS9843C1ZP	Suninfra Energies Pvt.Ltd ,  10 Pritam Society,, Opp. State Bank Of India, 	Malegaon	423203
279	Sunmeister Energy Pvt. Ltd (OPC)	Chennai 	Tamil Nadu	Saswat Das	9884423493	saswat.das@sunmeister.in,	33AAUCS7563B1Z3	No. 34 , I phase , Wood Creek County, Nandambakkam St.Thomas Mount,	 Chennai, Tamilnadu 	600016
280	Sunovative Private Limited	Rajeev Gandhi Nagar, Kota	Rajasthan	Mr Anubhav	9680597890	anubhav@sunovative.in	08AAXCS5196F1ZK	276 Rajeev Gandhi Nagar, Kota, 	Rajasthan	
281	Sunplug Energy	Maharashtra	Maharashtra	Mr. Vaibhav Singh 	9923427700	Sunplugenergy@gmail.com	27ADLFS6065K1ZF	Sunplug Energy , C/o Sitara Hotel, Bapat Nagar,Nagpur Road, 	Chandrapur, Maharashtra	442401
282	Sunray Solar			Mr. Raju	8788697659	sunraypowersol@gmail.com 		#N/A		
283	Sunrise Corporation	Jalgaon	Maharashtra	Mr. Rajendra Laddha 	7020599824	suryaputrasystems@gmail.com	27AAAHL6045C1ZK	Sunrise Corporation ,  20, Kailash Building ,, Panjarapole Complex, Neri Naka,	 Jalgaon, Maharashtra	425001
284	Sunrise Enterprises	Maharashtra	Maharashtra	Mr. Yash - +919370355355	Mr. Yash - +919370355355	nadeem.tspl@gmail.com	27CBLPK4488E1ZA	Sunrise Enterprises ,  Ratan Nagar, Mankapur, 	Nagpur, Maharashtra	440030
285	Sunshine Solar	Pune	Maharashtra	Mr. Sachin Sangle	9623177366	sangle.sachin1@gmail.com	27BKAPS0630R1ZS	Sunshine Solar ,  Wafgaon Road,Rajgurunagar, 	Pune, Maharashtra, India	410505
286	Soura Vidyut			Mr. Vinay raj	7795237267	vinay@sauravidyut.in		#N/A		
287	Sunshot Technologies Private Limited	Pune	Maharashtra	Mr. Atul L Pakhale	9970473371	atul.pakhale@sunshot.in	27AAICA8224D1ZU	B-312,G O Square, Wakad-Hinjewadi Road, Wakad, 	Pune, Maharashtra	411057
288	Sunson Energy Devices Pvt Ltd	Haryana	Haryana	Ms. Arshi 	9971930808	Arshi@sunsonenergy.com	07AABCS8078E1Z7	Sunson Energy Devices Pvt Ltd(UP), E-12 Sector  3 Noida, Alaknanda, 	Uttar Pradesh	201301
289	Spark Solar			Mr. Swapnil	9370171647	swapnil@sparksolar.co.in		#N/A		
290	Suntastic Solar Systems Private Limited	Neelankavil	Tamil Nadu	L. Prince Anand	89398 38059	operations@suntasticsolarsystems.com; projects@suntasticsolarsystems.com;	33AAXCS4958B1ZZ	Suntastic Solar Systems Private Limited,  27A / 69, First Pilliayar Koil Street, Lakshmipuram, Chrompet,	Chennai, Tamil Nadu.	 600 044
291	Suntec Renewable Systems	Coimbatore	Tamil Nadu	Mr.N.Balraj	9003019133	sun.vbss@gmail.com	33AEDFS3056D1ZE	Suntec Renewable Systems, No 2/26, KR Building, Sathy Main Road, , Kovilpalayam, 	Coimbatore 	641 107
292	SUNTECH SYSTEMS	SARAIDHELA, DHANBAD	JHARKHAND	Mr Yash	9771045001	ssystems952@gmail.com	20HAHPS5304D1Z2	SUNTECH SYSTEMS, HENA SINGH, P O KG ASHRAM, KOLAKUSMA, SARIDHALA, KOLAKUSMA SARIDHALA,Dhanbad,	 Jharkhand	828109
293	Sunville Renewable Energy Pvt Ltd	Kolkata	West Bengal	Mr Sagar Sharma	Tel: +91 33 24668404/+91 9674735960 / 62	info@greenpowersys.com	19ABACS8103Q1ZU	Sunville Renewable Energy Pvt Ltd ,  ‘SAGAR’/C1,_x000D_ 47B Sadananda Road_x000D_, 	Kolkata, West Bengal. INDIA	700 026
294	SunWorks Energy Pvt Ltd	Hyderabad	Telangana	Manideep Dara	9666204402 / 8328083320	e:purchase@sunworks.in  : manideep@sunworks.in	36AAVCS9974M1ZY	SunWorks Energy Pvt Ltd, Road no 11, Jubilee Hills,	Hyderabad, Telangana	500033
295	Surya Energy Solutions	Ernakulam	Kerala	Mr Dayapradeep	7012096782, 8281349684	seskochi.19@gmail.com	32BCLPJ4620H1ZV	Surya Energy Solutions, 21/51, parson building, NH bypass Vyttila,	Ernakulam, Kerala	682 019
296	Suryaamshu Renewable energy solutions,	Ponda	Goa	Mayuresh	94229 70884	Mayuresh.upadhye@suryaamshu.co.in	30AEDFS4445Q1ZQ	Suryaamshu Renewable energy solutions, ,  Bldg -A, office no.- A 130, Heritage Princess,, Opp Almeida High school,	Ponda, Goa,	403401
297	Suryavizhudhugal Energy Solutions Pvt Ltd	Nagercoil	Tamil Nadu	Mr Selvan	9952479393	selvan81991@gmail.com	34ABBCS9601E1ZL	Suryavizhudhugal Energy Solutions Pvt , Annai Indira Gandhi Street No. 6, Tagore Nagar, Lawspet,	 Pondicherry 	605 008
298	SWELECT ENERGY SYSTEMS LIMITED U3S	Salem	Tamil Nadu	SABRINA FRANCIS | Manager-SLM	9940210528  ,   044 24679769	sabrina.francis@swelectes.com	33AAACN2366F2ZS	SWELECT ENERGY SYSTEMS LIMITED U3S, Unit 3 - Salem, No.58/3 Nachiyur Salem Main Road, Idappadi , 	Salem District, Tamil Nadu	637105
299	Tanto Beach Resort	Auroville	Pondicherry	NA	NA	NA	34AAATA0037BEZC	Tanto Beach Resort, Swimming Pool 1, Kalapet,	Puducherry, India.	605014
300	"TCM Limited			"	Kannur	Kerala	Ranjit	6235044405, 6235044406	info@tcmsolar.com	32AAACT6206A1Z4	"TCM Limited (Formerty Travancore Chemical & Mfg.Co.Ltd), House No. 28/2917 ""Aiswarya"", Ponneth Temple Road, Shanthi Nagar, Kadavanthra,"	Cochin, Kerala.	 682 020
301	Teamsustain Limited	Kakkanad	Kerala	Mr Biju – 9567870191	9567870191	purchase@teamsustain.in	32AACCT5908P1Z0	Teamsustain Limited ,  Team House'  Plot No: 71, MRA., Kakkanad, 	Kerala, India 	682 030
302	TECH SOLAR AND SYSTEMS	Nagpur	Maharashtra	 Pallavi - 8806992908	8806992908	sushil@techsolarsystems.com	27AAKFT5671L1ZH	TECH SOLAR AND SYSTEMS ,  C-8, Ashtavinayak Paradise Society,, Koradi Road, 	Nagpur, Maharashtra	440030
303	Sunday Energy Solutions 	EDAPALLY	Kerala	Jayaram	8281689962	sundayenergysolutions@gmail.com		#N/A		
304	Technotium Tech	Nagpur	Maharashtra	Mr Saurabh	8275398277, 7769985558	"	info@technotium.in,technotiumtech@gmail.com"	27AAMFT3787D1ZR	Sanjivani, 2nd Floor, Opp, Navpratibha Night School, Reshimbag Square, Siraspeth, Umred Road, Mr Saurabh, 8275398277, 7769985558	Nagpur, Maharashtra	440024
305	Techser 	Bangalore 	karnataka	Mr. Prasana joshi	9448990424 / 8903122696	psjoshi@techser.com		#N/A		
306	Tecsa Solar Systems	Ludhiana	Punjab	NA	9821465584	tecsasolar@gmail.com	03AGQPJ2851E1ZL	Madhok Complex, Opp, Silver Arc Mall, Near Arti Chowk, Ferozepur Road, Ludhiana, 	Punjab	141001
307	TerraServe International	Bangalore 	karnataka	Mr. Suryatej M Vadulas	9008022440	suryatej@terraserveasia.com	 29AAJFT4611M1ZQ	No.37, Ground Floor, 3rd Main, 1st Block, 3rd Phase, Banashankari, 3rd Stage, 	Bangalore	560085
308	Think Solar Energy Solutions	Ernakulam	Kerala	Mr Nikhil Joy	88480 80704	thinksolarkerala@gmail,com	32AAQFT7188J1ZG	Think Solar Energy Solutions, XI/166, Muravanthuruth, Vadakkekara PO, N, Paravur, 	Ernakulam, Kerala	683522
309	Tulip Chemicals Pvt.Ltd	Bhavnagar	Gujarat	Hitesh Kapashi	9377104749	tulipchem@bsnl.in	24AAACT7833P1ZV	S.No.531/3, Village : Sagawadi, Taluk : Sihor, 	Dist: Bhavnagar, Gujarat	364001
310	UNIFAB TEXCOT INDIA P LTD	Tamil Nadu	Tamil Nadu	NA	9384441279, 8098515777		33AAACU7558A1ZK	UNIFAB TEXCOT INDIA P LTD, S.f.no: 239  Vettaikaran Kaadu,Kumar Nagar, Kaniyur Village,	Karumathampatti, Tamilnadu, India.	641659
311	Unity Solutions	Vikhroli West Mumbai	Maharashtra	Mr Yogeshwar, Rakesh	8108149986	rakesh@unitysolution.net	27AIGPA9891B1Z9	Lok Gaurav A2 CHS Ltd, LBS marg Gandhinagar, Vikhroli,	West Mumbai	400083
312	UNNATI TECHNOFAB	Pune	Maharashtra	Sager Kulkarni  99235 88413	99235 88413	info@unnatitechnofab.com	27DZWPS9578H1ZY	UNNATI TECHNOFAB, S. No. 69, Next to Manjri Stud Farm,Pune - Solapur Highway, Tq. Haveli, Dist., 	Pune, Maharashtra, India.	412307
313	Usap Solarfuel LLP	Nagpur	Maharashtra	Mr. Anil Bhure : 9673579095	9673579095	solarfueljv@gmail.com	27AAFFU8724Q1ZB	Usap Solarfuel LLP ,  H NO -515, SHOP NO- 1, RADKE LAYOUT,, HINGNA ROAD, BALAJI BUS-STAND,	 Nagpur, Maharashtra, 	440016
314	VEGA LIGHTS TECHNO SERVICES	Mumbai	Maharashtra	Swapnali, 7767000 - 680 & 667	7767000 - 680 & 667	vegalights@gmail.com	27ABQPL6461M1ZW	SHOP NO 3, SHIVSAGAR SOCIETY,, CHENDHARE, ALIBAUG,, Raigad, Swapnali, 7767000 - 680 & 667	Maharashtra	402201
315	Vesat Renewables Private Limited	Coimbatore	Tamil Nadu	Vishak	95783 48884	projects@vesatsolar.com	33AAHCV0157B1ZT	Mr. Venkatesh,  , Vesat Solar Products ,  , No # 21/1, East Tv samy,  , R.S. Puram,.	Coimbatore	641002
316	VilvaTech - Experts in Automation	Swamimalai 	Tamil Nadu	Arun Baskaran	73393 33614		33KDBPS6551L1Z0	VilvaTech - Experts in Automation ,  No.63, AA complex, Rahman Nagar,, Thanjavur	 Tamil Nadu	613004
317	Vimco Solar	Jhalnagar	Punjab	Raghav	9041414599	"	internationalvimco@gmail.com"	03BCCPV9525N1Z2	Vimco Solar ,  8 - A Bhagat Singh Nagar, Model House, 	Jalhandar, Punjab	144001
318	Viridis Engineering India Private Ltd	Coimbatore	Tamil Nadu	Mr. Raveendiran, Nandhini M 	8220162493; 9677632453	raveendiran@viridisenergy.in	33AAECV7528D1ZF	Viridis Engineering India Private Ltd ,  No. 6, GK Sundaram St, KK Pudur,, Saibabacolony, 	Coimbatore, Tamil Nadu	641038
319	Visalam Technology Services	R A Puram ,  Chennai	Tamil Nadu	Mr.M.Ulagappan	6374712353	ulagappan@visalamtech.com	33AAQFV0949K1ZN	"""Vridhi"" Flat No.D2, New No.45, 1st Main Road, R A Puram ,  "	Chennai	600028
320	Viva Technologies	Coimbatore	Tamil Nadu	Thangaraj	9364444424	vivatech2006@gmail.com	33ADFPT5964Q1ZO	Viva Technologies ,  No.53, Dr. N.G.P Nagar, Kalapatty (PO),	Coimbatore	641035
321	VRM Energy Consultancy Services Pvt Ltd	Chennai 	Tamil Nadu	Mr. Muthukumar Rathinam & Anandhi Murugan	Ph: 9902552525 | +91 - 9597778479	 muthukumar@vrmenergy.com	33AAECV2183N1Z1	Mr. Muthukumar , VRM Energy Consultancy Services Pvt Ltd , No.1, Rathinammal Street , Rangarajapuram Main Road , 	Kodambakkam, Chennai	600024
322	Waaree Energy Pvt Ltd (Gujarat)	Tirupati 	Andra Pradesh	 Mr. Deepak - 	7982046115		24AAACA4043J2Z1	Waaree Energy Pvt Ltd (Gujarat), No. A/234 Groumd Floor, Behind Surat, Ahmedabad Transport, Road No. 2.G.I.D.C, 	Sachin, Gujarat	394 230
323	Suryatanaya Energy			Mr. Sidharth	8893609114			#N/A		
324	WAV Energy Solutions	Chennai 	Tamil Nadu	Ram Subramaniam - Managing Partner	75400 51510	info@wavenergy.in	33AACFW7524R1ZL	WAV Energy Solutions ,  477L, Rajaji Street, Chakra Nagar, Paramathi Velur,	 Namakkal, Tamilnadu,	638182
325	Winman Software  India LLP	Mangalore	karnataka	Tejas- 6360 323 616		info@winmansoftware.com	29AACFW2560P1ZK	Winman Software  India LLP ,  NH-66, Kottara Chowki, 	MANGALORE, KARNATAKA	575013
326	WRS Energy Solutions LLP	Maharashtra	Maharashtra	Mr. Prashant - 82081 66080, 9860600912	 82081 66080, 9860600912	prashant@wersolar.in   ; accounts@wersolar.in	27AACFW6581E1ZY	WRS Energy Solutions LLP, Rathi Chambers, Khadkali Signal, GPO Road,	Nashik, Maharastra	422001
327	Zodiac Energy Ltd.	Rajkot	Gujarat	Rameshbhai -  Hemendrabhai - 	6355373141; 9099917915,	purchase@zodiacenergy.com	24AAACZ1284C1ZN	Opp. Vizag Steel Godown, Sarkhej-Dholka Road,, Nr.Bharti Asharam, Fatehwadi, Sarkhej, Anish Shah :  8160052646.	 Ahmedabad, Gujarat	382210
328	Ztric India Pvt Ltd	Mumbai	Maharashtra	Priyanka - 9011130322	9011130322	accounts@ztric.com, purchase@ztric.com	27AAACZ9226A1ZF	Ztric India Pvt Ltd ,  501, Crystal Row House, Sahyadri Farms,Behing Kapil Complex, Baner Road,	 Pune 	411045
329	Tathastu Renewable Energy Developer & Services	Nazhik	Maharashtra	Gaurav Chavan	99237 64194	tathastu.energysales@gmail.com /  tathastu.energypurchase@gmail.com	27AQCPC5649R1ZA	"Tathastu Renewable Energy Developer & Services ,  ""Sahajanand Apparment""  B Wing, Ground  Floor, Flat  No : 2 , Near Kids  Zee School ,, Mahalaxami Nagar, "	Aadgaon – Nashik	422003
330	U-Solar Clean Energy Solutions Pvt. Ltd.	Bangalore 	karnataka	Rajeev Choudhary	93121 68406	rajeev.choudhary@usolar.in	29AABCU2177L1ZW	U-Solar Clean Energy Solutions Pvt. Ltd. ,  S 208, 2nd Floor, The Excellency, No 8 Papanna Street, St. Mark's Road, 	Bangalore, Karnataka	560 001
331	Solar Master	Ernakulam	Kerala	Mr Sreekanth - 	9526451575, 812996688	gosolarmaster@gmail.com	32EFCPS1483A1ZT	Solar Master ,  70/E, 1, Poothrikka, Arikaranadu South,	 Ernakulam, Kerala,	682308
332	Olo Infra	Mumbai	Maharashtra	Nitin Deshmukh	90828 26775	oloinfra@gmail.com		#N/A		
333	Phoenix Electric Corporation	Aurangabad	Maharashtra	Sachin Narsikar-Phatak	93252 12237	phoenix.electric.corporation@gmail.com		#N/A		
334	Sigma Traders	Ludhiana	Punjab	Kawalraj Singh	78377 60013	sigmatraders0013@gmail.com		#N/A		
335	Enrich Energy	Pune	Maharashtra	Rakesh Herage	9886245838 ; 90229 32247	Rakesh.herage@enrichenergy.com		#N/A		
336	Arka Energy	Sangli	Maharashtra	Rushikesh Todkar	79727 26328			#N/A		
337	Solpath Energy	Ahmedabad	Gujarat	Ravi Lakhani	95123 73381	Ravi@solpathenergy.com		#N/A		
338	Goldi Solar Pvt Ltd	Surat	Gujarat	Sandip Vekariya	81413 08677	sandip.v@goldisolar.com		#N/A		
339	Swarajya Solar Services	Nandurbar	Maharashtra	Shubham Sonawane	98341 78018	swarajyasolar01@gmail.com		#N/A		
340	Meet Energy	Pune (bhosari)	Maharashtra	Chirag Shah	79723 22920	meetenergy.pv@gmail.com		#N/A		
341	Solar Pulse Energy Pvt Ltd	New Delhi	New Delhi	Shahid -; Sanjiv Kumar.	9354390079; 9654276311	proc@solarpulseenergy.com	07AAWCS0944A1ZB	Solar Pulse Energy Pvt Ltd ,  No.F-104, Vardhman Grand Market,, Dwarka Sector-3, 	New Delhi	110078
342	Muthu Power Systems	Perambalur	Tamil Nadu	Manivannan	98427 79739; 99430 55504	"	muthupowerpblr@gmail.com"	33ASQPM2732F1ZS	Muthu Power Systems ,  No. 3/99 Mettur, Pudu Naduvalur Post,	 Perambalur, Tamilnadu	621220
343	PV Renewables -Safezone	Udumalpet, Tiruppur, 	Tamil Nadu	Suresh	 99949 43024	helpdesk.safezone@gmail.com; Sales@pvrenewables.co.in	33AALCP4760A1ZO	Door No. 2/59-1, Kuralkuttai, Udumalpet, Tiruppur,	Tamil Nadu,	642154
344	Solar Point (Chandramangal Agencies)	Coimbatore	Tamil Nadu	Santosh	99943 58989	solarpoint.coimbatore@gmail.com	33AVXPS5819F1ZZ	813, Old Post Office Rd, Near Collector Office, Gopalapuram, 	Coimbatore, Tamil Nadu, India	641018
345	Hybrid Power Solution Erode	Erode	Tamil Nadu	Silambarasan	90920 51253	Hybridpowersolutions.ofc@gmail.com				
346	Shri Malai Mahal Solutions	Erode	Tamil Nadu	Sudhakar 	99945 61349	shrimalaimaghalsolutions@gmail.com	33FMSPS1608R1Z5	No.29, School Street, Periya Semmandampalayam.Kolanalli (PO) , 	Erode,Tamilnadu	638154
347	IVR Energy 	chennai	Tamil Nadu	 Peter-; Prakash Kumar, 	9600105162; 9962204387	Prakash@ivrenergy.com				
348	Nanotech integrated solutions Pvt Ltd.	Chennai 	Tamil Nadu	Raju Velu.	7305403195/9600071195	raju@nanotec.co.in				
349	Renomax Energy (Francis)	Coimbatore	Tamil Nadu	Francis John	 94439 31537	francis@renomaxenergy.com				
350	Grand Shakthi Solar	Coimbatore	Tamil Nadu	Karthik	 97908 58899	karthick@shakthipower.com /		171, 14, Avinashi Rd, Near hope signal, Peelamedu, Argus Nagar,	 Coimbatore, Tamilnadu	641004
351	MAS SOLAR SYSTEMS	Coimbatore	Tamil Nadu	Robert	84899 29127					
352	ARS solar Namakal	Namakkal	Tamil Nadu	M K Gandhi 	90802 81064					
353	All Sun Nature		Kerala					#N/A		
354	Antony		Kerala					#N/A		
355	Axis Power		Kerala					#N/A		
356	BDNS Energy Solutions LLP (Extra Watts)	Kozhikodu	Kerala	Mlohammad Rafi	7994000182	"	info@extrawatts.in"		#N/A		
357	Christina		Kerala					#N/A		
358	EL SOL POWER SOLUTIONS	Kotayam	Kerala	Mr Libin	9496379203	elsolpowersolutions@gmail.com	32AAGFE2986H1ZE	#N/A		
359	Geocel Marketing		Kerala					#N/A		
360	Mettech Home Automation Systems LLP		Kerala					#N/A		
361	Promisun Energy	Ernakulam	Kerala	Mr. Martin Kunjappan - 9446486250	Mr. Martin Kunjappan - 9446486250	martinkunjappan2gmail.com		Promisun Energy, 194/17,Kallunga Airport Road, Mattoor, Kalady (PO), 	Ernakulam District , Kerala	683574
362	Reji Tomas		Kerala					#N/A		
363	RIM Projects	Ernakulam	Kerala	Mr. Jijo :75948 96649	Mr. Jijo :75948 96649	rahuliype@rimprojects.com		12/372-2, KARUNALAYAM ROAD,NEAR YWCA ALUVA,PERIYAR NAGAR, ALUVA, 	Ernakulam, Kerala, 	683101
364	Safe Tek Maintenance & Systems		Kerala					#N/A		
365	Universal Electronics	Ernakulam	Kerala	Mr Sreekanth - 	9526451575, 812996688	gosolarmaster@gmail.com	32EFCPS1483A1ZT	#N/A		
366	V Sun Traders and Marketing	Kotayam	Kerala	Mr Libin	9496379203	elsolpowersolutions@gmail.com	32AAGFE2986H1ZE	#N/A		
367	Ark Solar Energy	Mumbai	Maharashtra	Ankush Ahuja  	8806480480	aarkinternational480@gmail.com		"ARCEDO SYSTEMS
 
 , Plot No: 1486, #402, 4th Floor,, Amarendar Sunitha Homes, Beside Dollar Hills Road,, Pragathi Nagar, Telangana – 500 090, India."	#N/A	
368	Karmasukom	Bhiwandi	Maharashtra	Mr. Karan		karan@karmasukom-energy.co.in		No. 10 Pipeline Road,	Bengaluru 	560057
369	RG Clean Energy	Khopoli	Maharashtra	 Nitin Kholi 7030229299	7030229299	nitin@rgcec.com	27AAYFR0446B1Z3	Ayob ,Risto Solar , 30/146 Anjikath, VMB Rd, ,Changampuzha Nagar, ,Pathadipalam, PO, 7510237777	Kerala 	682033
370	GNR Power Private Limited	Chennai 	Tamil Nadu	Mr. Ramesh	90430 48653	gnrpowersolar@gmail.com	33AAGCG0639Q2ZA	 #27/12, 2nd Floor, 11th Street, BV Nagar, Pazhavanthangal, 	Chennai, Tamilnadu	 600 114
371	Hope Solar and Co	Trichy	Tamil Nadu	Mr.Deepak / Kinmax	9003973178 / 9791777420	33AANFH7817D1ZE	33AANFH7817D1ZE	No.4 / 447, Anna Nagar, 1st Cross, Balaji Nagar, Kattur, 	Trichy, Tamilnadu	620019
372	Solarika India Pvt Ltd Nashik	Nazhik	Maharashtra	Uday Yeole	99305 26346					
373	Agronova Tech Nashik	Nazhik	Maharashtra	Nehra	98507 26443					
374	Aditya Ent Ghanshyam Yeola	Nazhik	Maharashtra	Ghanashyam yeola	98222 77424					
375	Energy Man solar	Coimbatore	Tamil Nadu	Selvakumar	9486510004					
376	S&A Energies	Coimbatore	Tamil Nadu	Sasikumar						
377	Batliboi Renewable Energy Solutions- sankar	Chennai 		sankar						
378	SS Power TEch	Coimbatore	Tamil Nadu	Naveen Kumar	93633 21113					
379	SB Wind Solar	Chennai 	Tamil Nadu	Manikandan	96000 74654					
380	Evolve India Solar	Chennai 	Tamil Nadu	elakiya/sathya - procurement team.	Karthik - 73057 55540	pk@evolveindia.in; and Cc: sk@evolveindia.in				
381	Guna solar - Kannan	Bangalore 	Karnataka	Kannan	97427 02345					
382	The Multigreats Solar-	Coimbatore	Tamil Nadu	satish	96772 00570	satheesh2851983@gmail.com, info@multigreats.com				
383	Ragavendra Controls - vasantha sekar	Chennai 	Tamil Nadu	vasanth	73977 85963					
384	Gaston - sambath raj	Madurai	Tamil Nadu	Sambath Raj	98438 71710			Plot no:1,kavimani street, Nehru nagar,Thiruvalluvar Main Rd, Shri Vel Murugan Nagar, Madurai, India	 Tamil Nadu	625016
385	Prosun Energies	Coimbatore	Tamil Nadu	Sabari	77080 88406					
386	Maruthi Power control	Chennai 	Tamil Nadu	Uma	89392 99933			371, Sidco Industrial Estate, Ambattur,	 Chennai, Tamil Nadu.	600098
387	Raju battery and solar system	Jodhpur	Rajasthan	Manoj Sankhla						
388	Rising Sun Enterprises	Jodhpur	Rajasthan	Ankit						
389	Universal Solar	Jaipur	Rajasthan	Atul Nagpal						
390	Hans Sun Solar	Jaipur	Rajasthan	Vivek Dadhich						
391	Mateix Infra	Jaipur	Rajasthan	Kumarth Ujwala						
392	Geeta Solar	Jaipur	Rajasthan	Deepak						
393	Sunfront Energy	Jaipur	Rajasthan	Sandeep Awasthi						
394	Pinaka Solar 	Jaipur	Rajasthan	Rishabh Chaurasia						
395	SolarMaxx	Jaipur	Rajasthan	Saurabh Bhandari 						
396	Sunalpha 	Jaipur	Rajasthan	Mayunkh						
397	Growith Solar	Bikaner	Rajasthan	RamGopal						
398	Tru Solar	Ajmer	Rajasthan	Siddharth						
399	Enfros Solutions	Ajmer	Rajasthan	Siddharth						
400	Sunfuel Energy	Ajmer	Rajasthan	Naresh						
401	Shri Shyam Power Project	Alwar	Rajasthan	Sumith						
402	Sunovative	Kota	Rajasthan	Anubhav						
403	Vidhya Solar	Kota	Rajasthan	Sunny						
404	RVN Energy	Kota	Rajasthan	Naresh						
405	Geeta Solar	Jalgaon	Maharashtra	Mukesh   	9823022259				Mr.Mukesh Supanrkar ,Geeta Solar ,GEETA SOLAR SYSTEMS M- 132, ,Behind Godawari Engineering College, MIDC, ,Jalgaon-425003, Maharashtra, India ,9422031811	Geeta Solar
406	Gewis solar	Pune	Maharashtra	Amrut	8885856008	amrut.moharir@gewisrenew.com			#N/A	Gewis solar
407	Solarhub (PB)	Punjab	Punjab	Mr.Karan - 7018126770, 7696363183	7018126770, 7696363183	Solarhubcompany@yahoo.com	03GBLPK5300P1ZG		#N/A	Solarhub (PB)
408	Sunson Energy Devices Pvt Ltd	Haryana	Maharashtra	Ms. Arshi 	9971930808		07AABCS8078E1Z7		Suntastic Solar Systems Private Limited, 27A / 69, First Pilliayar Koil Street, Lakshmipuram, Chrompet,Chennai - 600 044, Tamil Nadu.	Sunson Energy Devices Pvt Ltd
409	Akshay Urja	Sangamner,	 Maharashtra	Sandip Yendhe	98908 28999	sandipyendhe282@gmail.com				
410	Reneo Energy	Raigad	Maharashtra	Sweety, Suraj	80102 53157	suraj@reneoenergy.com,sweety@reneoenergy.com				
411	Pratham Multitech Pvt Ltd	Sangamner	Ahmednagar	Shantanu 	7447299999	prathammultitech@gmail.com				
412	Fine Tech Power Solutions	Angamaly	 Kerala	Mr Deepu. K.D 	9747900071	finetech071@gmail.com				
413	Jai Sai Solar  -TN	Perudhurai, 	Tamilnadu	Shiva	80561 86898	"	jaisaisolar999@gmail.com"				
414	Renesys	Ahmedabad, 	Gujarat	Hardik Patel 	9023726022	hnsheth@renesys.in ; rbdave@renesys.in				
