Sl.No	Customer Name	Location	State	Contact Name	Contact Number	Email Id	GST NUMBER	#N/A
1	A One Solar Solutions	Madurai, Tamilnadu	Tamil Nadu	Ashok Kumar/ Vinodhini	9488335111	solar.arenterprises@gmail.com	33ABJFA4888L1ZX	A One Solar Solutions , No. 104A, Sekar Complex, Vilangudi,, Madurai - 625018
2	A.M Electronics	Thiruvalla 	Kerala	Mikku Kurien, 	9447015971	amsonups@gmail.com	32AAXFA7618K1ZZ	Mr. Mikku Kurien ,A.M Electronics ,Amson Building,Niranam PO, Thiruvalla - 689621, Kerala, Mr. Mikku Kurien - 9447015971 ,9447015971
3	A.M.M FOUNDATION	Chennai, Tamil Nadu	Tamil Nadu	Thirumalai : 	9663844980		33AAATA0509N2Z0	A.M.M Foundation, No.3, Sriram Nagar, North Street, Alwarpet, Chennai - 600 018
4	A.P.ORGANICS LTD	Sangrur	Punjab	IQBAL SINGH  	9781241232	iqbal.aps@gmail.com	03AACCA4673L1ZO	Village Manwala, SARON ROAD,DHURI, DIST-SANGRUR-148024 Punjab
5	A2Z RENEWABLES 	Ernakulam, Kerala	Kerala	Mr. James	9567240000	james.joseph@a2zrenewables.com	32BAHPM9507N1ZB	Mr. James, No. 66/2680, 1st floor, Krishna Bhat Towers, Pullepay Road, Pullepay P.O., Ernakulam – 682035. 9567240000
6	Ablers Service Pvt Ltd	Gurugramam	Haryana	Varun	8750685725	ablersservices@gmail.com	06AAMCA5262F1ZQ	Ablers Service Pvt Ltd , No: 815A-8th Floor, Unitech Arcadia, Sec 49, Gurugram- 122018, Haryana
7	Accurate Powertech India Pvt ltd	Pune, Maharashtra	Maharashtra	Santosh -	9011021370;  9764440669	sales@accuratesolar.in	27AAICA4815C1ZZ	Accurate Powertech India Pvt ltd , Rohan Tower,4,5,6,Opp.Mega Mart,, Mumbai Pune Road,, Dapodi, Pune – 411012, Maharashtra
8	Acme Pumps & Power Projects Ltd	Lucknow	Uttarpradhesh	Mr. Amarnath	9415110231	acmepumps@gmail.com	09AACCA2947D1ZW	No.23-D G.B. Marg (Latouche Road), Opp. PNB, Lucknow - 226 018, Uttar Pradesh
9	Adithya Aqua Tech Solutions	Coimbatore, Tamilnadu	Tamil Nadu	Nithya 	9095694444, 9095694777	purchase@adithyaaqua.com; accounts@adithyaaqua.com	33AJXPA8576B1Z1	"""Experience Center For Water & Energy"", D.No:36/1, To 36/4, , G.N. Mulls (Post), Coimbarore - 641 029, Tamilnadu"
10	Aditya Green Energy Pvt Ltd	Pimpari-Chinchwad, Maharashtra	Maharashtra	Mr. Amol Birajdar - 	9182121338	mail@adityagreenenergy.com	27AAJCA4909N1Z8	Block no:1, kapil plaza, Near udyog Bhavan, signal camp, Latus, Maharashtra - 413512
11	Aditya Solar Solution	Mumbai, Maharashtra	Maharashtra	Kapil - 90222 27221	Kapil - 90222 27221	"	adityasolarsolution@gmail.com"	27ABMFA7200R1ZZ	Aditya Solar Solution , C 303, Harsh Plaza Tower, Hatkesh,, Near Gcc Club, Miraroad , Malad East 401107
12	Agam Energy / Agam Solar,			Chockalingam	9444005319	agamenergy@gmail.com; alrm.chocks@gmail.com		Agam Solar, , Flat 3B, P 43, P Block,, 6th Avenue, Annanagar, Chennai - 600040
13	Agam Solar,	Anna Nagar, Chennai	Tamil Nadu	M. Chockalingam 	9444005319	agamenergy@gmail.com	33ALPPM2407D1ZF	Mr.Chockalingam ,Agam Solar, ,Flat 3B, P 43, P Block, 6th Avenue, Anna Nagar, Chennai - 600040
14	AGP Solar	Thiruvallur, Kanchipuram	Tamil Nadu	Mani-9698011086	8903648408	sparktanjore@gmail.com	33BFGPV9479E1ZV	AGP Solar , 2/146 , PK Road, Kovur, Tiruvallur, Chennai-600128
15	Alfa Associates (TN)	Chennai, Tamil Nadu	Tamil Nadu	R. Narayanasamy /Mr. Rajakumar	 9600444114 / 7373333970		33ASGPS8061D1ZQ	R. Narayanasamy, Alfa Associates (TN), No.1, Maheswari Nagar, 150ft Bypass Road,Velacherry, Chennai - 600 042. 9600444114
16	Alfa Projects & Services	Bhuvaneshwar, Odissa	Odissa	Sushree Subhadra Swain	8637280207	pap@alfaindia.com	21AAICA3834D1Z8	"Plot No-352, Aerodrome Area,
 Bhubaneswar - 751020"
17	Alistair Technology	Nagpur, Maharashtra	Maharashtra	Mr. Denis	7620596937			#N/A
18	Alphaloop Solar LLP	Gurgaon	Haryana	Tarun	9971136369	info@loopsolar.com	06ABBFA1648N1ZE	Alphaloop Solar LLP , No.715, Emerald Plaza, Sector 65,, Gurgaon – 122102 (HR), Haryana
19	Alterenergyz	Mapusa, Goa 	Goa		8888788026 & 9423882473		30ABEFA4565H1ZR	ALTERENERGYZ, D - 206, Tamarind, Scenic Acres, Fatorda, Margao, GOA - 403602
20	Ampere and There Private Limited	Vesu	Gujarat	Ketan - 	9978685867	help@thesolarc.com	24AAPCA6129E1ZR	110, SNS Business Park, Opp. JH Ambani School, University Road, Vesu - 395007, Gujarat, Mr. Ketan - 9978685867
21	Amplus Energy	Bhopal, Madhya Pradhesh	Madhya Pradhesh	Mr. Gopal Sagitra    	91799 15139    	gopal.sagitra@amplussolar.com		Amudh Enterprises, AVMC Campus, Pondy Cuddalore Main Road,Kirumambakkam, Puducherry - 607 402
22	Amudh Enterprises	Pondicherry	Pondicherry	VASU	9842950019	amudhenterprises@gmail.com	34ABMFA9181D1ZD	"Amplus Energy Solutions Pvt Ltd , Shop no 203, Hamidia road  
 
 , Bhopal - 462001 
 
 , Madhya Pradesh, India."
23	Anish Sousa Enterprises	Mormugao, Goa	Goa				30AVJPM3535A1Z6	Anish Sousa Enterprises, 10/158/A, Menezes Sousa Building, Near Sanjivani Hospital,Vasco, Baina, Mormugao, Goa 403802
24	Anuj Sanitation	Ludhiana, Punjab	Punjab	Ms. Poonam : 	7508003154	glowrayssolar154@gmail.com		Mr. Sourabh Bajpai , Archita Renewable Energy , House No 286,W.No 33, Dwarka Bhawan , Moti Nagar, Pawar Layout , Awadhpur Balaghat - 481 001, Madya Pradesh , 7898727625
25	"ARCEDO SYSTEMS
	"	Mysore, Karnataka	Karnataka	Mr. Ramesh : 	99488 00645	"	gnrao@arcedo.net,  sandeep@arcedo.net"		"#82/2,10th cross,CBIroad,Ganganagar,Bangalore -560024.
 Contact – 080-48662721/+91 9886492661"
26	Archita Renewable Energy	Awadhpur Balaghat 	Madhya Pradhesh	Sourabh Bajpai	7898727625	saurabhbajpai_in@yahoo.com, saurabhbajpai1945@gmail.com	23AERPB2584F1ZM	Anuj Sanitation & Builders , Basant City,Threekay Road,, Back Side Keys Hotel,, Sua Road, Opp. Kwality departmental store., Ludhiana- 141012
27	Arham Energies	Bangalore, Karnataka	Karnataka	Mr. Hitesh 	9886492661	arhamenergies@gmail.com		Mr. Dendra Shetye ,Aries Industries ,42 /A2 Shah and Nahar Ind Estate, S.J.Marg, Dhanraj Mill Compound, Lower Parel West, Mumbai 400013 ,022-24976886
28	Aries Industries	Mumbai, Maharashtra	Maharashtra	Mr. Dendra Shetye   	022-24976886	devendra@ariesindustries.in	27ANSPS4951R1ZP	Arka Sustainable Energy Solution , 559A, Mali Gali, North Shivaji Nagar, Tal. Miraj, Dist Sangli, Maharashtra - 416416
29	Ark Solar Energy	Mumbai, Maharashtra	Maharashtra	Ankush Ahuja  	8806480480	aarkinternational480@gmail.com		"ARCEDO SYSTEMS
 
 , Plot No: 1486, #402, 4th Floor,, Amarendar Sunitha Homes, Beside Dollar Hills Road,, Pragathi Nagar, Telangana – 500 090, India."
30	Arken Solutions Pvt Ltd	Bangalore, Karnataka	Karnataka	Mr.Sampath Kumar - 	9000 54127		29AAICA0624R1Z9	Arken Solutions Pvt, Ltd, lV Floor, No, 16, Haudin Road, Bangalore-560042, Karnataka
31	Ashwamedha Energy & Infratech Pvt Ltd	Kundapura Taluk,, Karnataka	Karnataka	Shreya R 	9448440799	karthik.yadiyal@ashwamedha-energy.in	29AANCA9861B1ZC	Ashwamedha Energy & Infratech Pvt Ltd , No. 15, Durga Krupa Complex,, Main Road, Siddapura, Kundapura Taluk,, Udupi Dist, Karnataka - 576229
32	Ashwini Pawar	Auroville, Tamilnadu	Tamil Nadu	 Mr. Kaarthik	9789986736		URP	Ashwini Pawar, Kavadi Form, Auroville - 605111
33	Atonsys	Pune, Maharashtra	Maharashtra	Sachin Salavane   	9860204002	info@atonsys.com		#N/A
34	Attuned Energy	kerala	Kerala	 Mannatti Ravi   	8547855385			#N/A
35	Auriel Solar and Green Tech	Kerala	Maharashtra	Anil Crescent Roche 	9497841357	aurielsolar@gmail.com	32AZUPA3077A1ZQ	Mr.Anil , Auriel Solar Energy , Adarsh Building , Triveni Junction , Annanad P.O, Chalakudy, , Thrissur 680309, Kerala , 9497841357
36	Auroni Solar Energy	Sanjeevi Nagar, Puducherry 	Pondicherry	Sivangnanam  	8098782678	sivagnanam.auroni@gmail.com 	34BNVPS6384L1ZV	Sanjeevi Nagar, Puducherry - 605 111
37	Auroville Electrical Service (Dr)	Auroville, Tamilnadu	Tamil Nadu	Mr. Ramesh :  & Prasanna.	0413-2622264		33AAATA0037BPZ3	Auroville Electrical Service (Dr) , Service Area, Auroville - 605 101
38	Autotek Engineers	Jalna, Maharashtra	Maharashtra	Mr Gaur –	9595379379	autotek.engg@gmail.com	27BEKPG6906G2ZE	Autotek Engineers , No. 318, Venkateshwar Nagar, Mantha Naka,, Jalna – 431203, Maharashtra
39	AV Index Electrical & Electronics	Arani	Tamil Nadu	Shanmugam - 	9360082789		33BWOPS5413E1ZH	Arani, Mr.Shanmugam - 9360082789, AV Index Electrical & Electronics, Villima Street, Boomiyarpalayam,Vanur Tk, Villupuram District - 605104
40	AVN Automation and Solar	Jalore, Rajasthan	Rajasthan	Ajay Yadav - 90010 91680	 90010 91680	"	avnautomationsolar@gmail.com"	08AFXPY6695M1ZS	AVN Automation and Solar , A-1 Shivaji Nagar, Jalore, Rajasthan - 343001
41	Avyaya Technologies Pvt Ltd	Bangalore, Karnataka	Karnataka	Manohar	080 2310 0228	manohar@savitru.com; pns@savitru.com; ravindra@savitru.com	29AAICA4220D1Z2	Avyaya Technologies Pvt Ltd , No.5, 1st Floor, 3rd Cross,, 4th Main, Rajajinagar Indl Town, Bangalore - 560 044, Karnataka
42	Battery Bunk	Bangalore, Karnataka	Karnataka	Mr. Kiran Kumar -	7022227222	"	dharan.v08@gmail.com"	29AUEPK7318K3Z6	Battery Bunk , No. 125, 3rd main, 15th 'A' Cross,, B.S.K 3rd Stage TG Layout, Ittamadu, Bangalore -560085, Karnataka
43	BDNS Energy Solutions LLP (Extra Watts)	Kozhikodu, Kerala	Kerala	Mlohammad Rafi	7994000182	"	info@extrawatts.in"		Beacon Storage Systems Pvt Ltd , Piraroor P.O. Kalady,Angamaly, PIN - 683574, Kerala
44	Beacon Storage Systems Pvt Ltd	Kalady, Kerala	Kerala	Joe	99461 08507	Kuruvilla.joe@beaconpowersys.com	32AAHCB7636F1ZT	Bebin Joy, Mercury Energy Solutions, University Road, Edappally, Ernakulam - 682 022, Kerala
45	Bebin Joy	Ernakulam - 682 022	Kerala				URP	No: 25, Umar Pulavar Street, Kottakuppam - 605 104, Tamil Nadu, India.
46	Best Solar Power	Kottakuppam 	Tamil Nadu		9600975646		URP	Mr. Prastant Bhagwat , Bhagwat Energy Pvt. Ltd. , C1 706, Kamal Green Leaf, , Kirkatwadi, Pune 411041, Maharashtra , Mob: +91 9822435419
47	Bhagwat Energy	Pune, Maharashtra	Maharashtra	Mr. Prashant Bhagwat    	9822435419	prashant@bhagwatenergy.com		BHARAT SOLAR, ADDRESS - 111, ANAND NAGAR,CHITAWAD ROAD, INDORE, Madhya Pradesh- 452001
48	BHARAT SOLAR	INDORE, Madhya Pradesh	Madhya Pradhesh	Mr Agarwal 	7581804010	info@bharatsolar.co.in	23AVGPA2938N1ZK	BDNS Energy Solutions LLP , No. 1 / 345B. Near Kadavu Resort, NH Bye Pass, Azhinjilam, Kozhikode - 673632, Kerala
49	Bhaskar Solar			Mr. Bhaskar Kolambe	9130661555	bhaskarsolarpvtltd@gmail.com		A/1 indirasagar apartment R.N.T Road, Civil lines, Nagpur - 440 001, Maharashtra
50	Bijlee Led Lighting Pvt Ltd	Nagpur, Maharashtra	Maharashtra	Shiv sial 	9535348867	bijleesolar@gmail.	27AAGCB4178F1ZM	#N/A
51	Bonivo Solar Power Solutions	Trivandram, Kerala	Kerala	Mr. Rahul	9388881917	benivopowersolutions@gmail.com		BRILLO SOLAR PRIVATE LIMITED , BRINDAVAN BUSINESS CENTER,37/2400-A9,, GROUND FLOOR, MANIMALA ROAD,, EDAPALLY- 682024, Kerala
52	BRILLO SOLAR PRIVATE LIMITED	EDAPALLY, Kerala	Kerala	Prajan	9995323592	prajinlalp@gmail.com,sales@brillosolar.in	32AAJCB2420K1Z0	#12/303, Vellakinar Pirivu, G.N.Mills Post, Coimbatore - 641029, Tamilnadu
53	Cares Renewables Pvt Ltd	Coimbatore, Tamilnadu	Tamil Nadu	Siva	9003877641	siva@caresrenewables.com	33AAFCC2484E1ZY	CASA INFRATECH PRIVATE LIMITED , HOUSE NO.4, ARYAPALLI,PATIA,, BHUBANESWAR - 751 023, ODISHA
54	CASA INFRATECH PRIVATE LIMITED	Bhuvaneshwar, Odissa	Odissa	Manoj	 9040005874 & 9437005874	mkparichha@gmail.com	21AAECC0044R1ZT	#N/A
55	CELCO ENERGY CORPORATION	Thirivanandhapuram, Kerala	Kerala	Prajin – 	9995323592	celcoenergy@gmail.com	32ADBPT7399D1ZC	CELCO ENERGY CORPORATION , Muziris Nagar, Kodungallor, Kerala
56	Celestial Rene experts			John Melchizedek   	7358325836 / 7619193399	johnmelchizedek@cranfinia.com		Changela Sealing Solutions, Ground Floor, VIRAL PLAZA, Shop No 12,13,14, Near Bank of Baroda, GIDC Metoda,Rajkot, Gujarat - 360021
57	Changela Sealing Solutions	Rajkot, Gujarat	Gujarat	Mr. Mahesh: 	9737984777	finance@teknixgroup.com	24AELPP3339Q1ZU	Mr.Karan Chopda , Chirayu Power Pvt Ltd , No.C-1/1, MIDC, Near Law College, , Khamgaon - 444303, Maharashtra , 8888383033
58	Chirayu Power Pvt Ltd	Khamgaon -  Maharashtra,	Maharashtra	Karan Chopda Cell: -8888383033	Karan Chopda Cell: -8888383033	karan@chirayupower.com	27AAGCC3581P1Z3	Circuit , Vellaikkal House, Nellankara, Thrissur – 680651, Kerala
59	Circuit	Trissur, Kerala	Kerala	Mr Maniappan V- 94956 31938   	Mr Maniappan V- 94956 31938   	"	sales.circuits@gmail.com"	32AUZPV9689F1ZE	Clean Max Enviro Energy Solutions Pvt. , No. 48/13, 2nd Floor, 40th Cross, 3rd Main Road,, 8th Block Jayanagar, Bangalore – 560082, Karnataka
60	Clean Max Enviro Energy Solutions Pvt.	Bangalore, Karnataka	Karnataka	Shashikumar – 	9482943292	shashi.kumar@cleanmax.com	29AAECC1568J1ZE	Mr Aniket Jadhav , Conservit Power Solutions Private Limited , E Ward, 204, New Shahupuri, , Kolhapur, Maharashtra- 416001 , 70203 09081
61	Conservit Power Solutions Private Limited	Kolahpur, Maharastra	Maharashtra	Mr Aniket Jadhav 70203 09081	70203 09081	aniket@conservit.in	27AAJCC0426G1ZX	Cranfinia Energy Private Limited , #307, Vishnu Arcade, 3rd Cross, Shanboga Colony,Yemalur Main Road, Bangalore - 560037, Karnataka
62	Cranfinia Energy Pvt LTD	Bangalore, Karnataka	Karnataka	Kavitha John	John : 7358325836 / 7619193399	"johnmelchizedek@cranfinia.com>, ""rao.adithya"" <rao.adithya@cranfinia.com>,"		#N/A
63	Datum Energy Systems Private Limited	Pune, Maharashtra	Maharashtra	Bharat Phalak, 98231 35276	Bharat Phalak, 98231 35276	datumenergy@gmail.com	27AADCD2566N1ZA	Mr.Bharat ,Datum Energy Systems Private Limited ,3rd Floor, DATUM House, Plot No. 11, Lane No. 9, S.No. 6/6/1+6/7/7+6/10/4, Pakharbag, Bavdhan (KH), Pune 411021, Maharashtra , ,
64	Dehlsen Engineering LLP	Calicut, Kerala	Kerala	 Rijul Joseph 	8129736458	project@dehlsenengineering.com	32AAQFD3340L1ZE	Dehlsen Engineering LLP , Room No 7, Second Floor, Csi Shopping Complex,, Mananchira P. O, Calicut - 673001, Kerala
65	Devadutt Vasudevan	Kollam, Kerala	Kerala	Devadutt vasudevan	974 3306 7171	"	devadutt123@gmail.com"	URP	Devadutt Vasudevan , Devanivas, Vilavoorkonam PO, Kalluvathukkal, Kollam ,Kerala - 691578
66	Dhanashree Solar Electricals	Latur	Maharashtra	Mr. Suhant -	8805150900	desolarenergy@gmail.com		#N/A
67	Digilox Electronic Security Solution	 JALGAON	Maharashtra	 Mr Saurabh	96191 44233	"	digiloxess@gmail.com"	27AAJFD3513E1ZS	Mr Saurabh, Digilox Electronic Security Solution, WA 54/55 MIDC, JALGAON -425001, Maharashtra, 96191 44233
68	Diman Solar	Ahmadabad, Gujarat	Gujarat	 Vivek Fadadu	9265075722	purchase@dimansolar.com		#N/A
69	Dinkar Solar	Batala	Punjab	Mr. Dinkar Sally	7837870786	dinkarsolar@gmail.com		1st Floor, Beco Complex,G.T.Road, Batala ,Punjab,India
70	Diwakar Soltek Pvt Ltd	Bellary  - Karnataka	Karnataka	shreedhar		"
shreedhar@diwakarsoltek.com"	29AAGCD6972R1ZL	"Mr. Shreedhar , Diwakar Soltek Pvt Ltd , 2nd Floor, ' Surabhi Enclave"" , Patel Nagar, Hosapete - 583201, , Bellary District , Karnataka , 9448367433"
71	Druidic Energy Pvt Ltd	Kerala, Thiruvalla	Kerala	Harshali 	9920315267			Druidic Energy Pvt Ltd, Thekumthala building, 1st floor, Podipara junction, Eraviperoor, Kerala, Thiruvalla - 689542
72	Dry Solar Energy	Jaipur, Rajasthan	Rajasthan	Mr. Ravindra Sharma	8058598619	drysolar@yahoo.com		Eco Power Solutions, X/319, Kizhakkekera House, Kadayiruppu, Kadayiruppu, P.O, Ernakulam, Kerala, 682311
73	Eco Power Solutions	Ernakulam Dist 	Kerala	Mr Tharun 	9847661828		32GNUPS6847G1Z6	"No.1443, ""B"" Block, Railway Parallel Road, Sahakaranagar, Bangalore-560 092, Karnataka"
74	Ecosoch Solar Private Limited	Bangalore, Karnataka	Karnataka	Harsha-	9535240349	harsha@ecosoch.com	29AADCE8640G1ZH	EDSEL Energy Developers LLP, 3rd Floor Madukuvelil Complex, Pullad, Pathnamthitta, Thiruvalla- 689548, Kerala
75	EDSEL Energy Developers LLP	Pathnamthitta, Kerala	Kerala	Harshali Ranjith 	9920315267	"	Harshali@druidicenergy.com"	32AAHFE9958J1ZY	41, Shiv Kripa, Gulmohar Lane,, Sirsi Road, Khatipura, Jaipur - 302021 Rajasthan, Mr. Abhishek Agarwal, 9772983222
76	Electrum Power Infra Pvt Ltd	Jaipur, Rajasthan	Rajasthan	Mr. Abhishek Agarwal	9772983222		08AAECE6679E1ZD	Electrum Power Infra Pvt Ltd , 150, Janakpuri 2, Imliwala Phatak, Jaipur - 302 005
77	Electrum Solar	Jaipur, Rajasthan	Rajasthan	Abhishek Agarwal	9772983222			17/316,Shashtrinagar Khatodara Colony, Udhana Darwaja,surat-395002
78	Elinks Solar	Surat, Gujarat	Gujarat	Mr. Jaydeep	9727796006	elinksolar@gmail.com	 24AAHFE6831G2ZJ	Mr.Shiva , Elite Power Corporations, 3/528, KN Puram, Lakshmi Mills, Palladam - 642202, Tamil Nadu tele: 9384441279
79	Elite Power Corporations	Palladam, Tamil Nadu	Tamil Nadu	Shiva	9384441279	elitepowercorporations@gmail.com	33BLXPJ1500P1ZS	#N/A
80	Endaver Solutions	Nagpur, Maharashtra	Maharashtra	Sagar Patel	9423158298	shriganeshenterprisesjln@gmail.com 		Mr.Sagar Patel ,Endeavour Solutions, ,Vyankatesh Nagar, Building No. E6, Flat No.34 , Near KDK College, Nandanvan, Nagpur-440009, ,Maharashtra, India ,9272091666
81	ENNEXT RENEWABLE SOLUTIONS PVT LTD 	Bangalore, Karnataka	Karnataka	Mr. Biju PC	97319 41800	biju.pc@ennext.in	29AAFCE4382B1ZQ	NO. 37 & 38 RR Complex,Opp to Bharath Seva Ashram Jakkur,Amruthahalli Main Road,Navyanagara Jakkur, Bangalore-560064
82	ENRG VISION LLP	Vadodara Gujarat	Gujarat	JAYKUMAR RAMESHBHAI PATEL / RAJENDRA VINODBHAI DARJI	9099680028	energy.vision20@gmail.com	24AAIFE3766H1ZD	ENRG VISION LLP , SF28, Kasper Square Opp. Gangotri Exotiva,, 30 Mtr Gotri Laxmipura Road, Gotri, , VADODARA - 390021
83	Enthinks Energy Solutions	Kadambode, Kerala	Kerala	Arun	9048452552	enthinks.in@gmail.com	32AXTPT8941R1Z6	6/592C, Kadambode Po,Pandikkad via 676 521, Kerala
84	Eshaan Energy  Pvt Ltd	Vijawada, Andra	Andra Pradesh	RTN PHF B.Phani Chandra	Mr Saurabh - 8275398277, 7769985558	phanichandrab@yahoo.com		E-Solution Renewables , Sancheti Apartment, Rachana High School,, Off Sharanpur Road,, Nashik 422002, Maharashtra
85	E-Solution Renewables	Nasik , Maharashtra	Maharashtra	 Rushab - 9665331514	 Rushab - 9665331514	"	Esolution.nsk@gmail.com; rushab@move2solar.in"	27AAGFE1734R1Z0	#N/A
86	Ete Energy 	Bhuvaneshwar, Odissa	Odissa	Subhash Sahu   	8114394947			Mr. Krishna Thimmaiah , Evervolt green energy , Unit 104, 1st Floor. Earthen Phoenix. , 10th E Crodd, Nagavarapalya, CV , Ramannagar Post , Bangalore - 560 093 , 9880710526
87	Evervolt Green Energy Pvt Ltd	Bangalore, Karnataka	Karnataka	Krishna : 	9880710526	krishna@evervolt.in	29AADCE4893P1ZR	No.16, Maniam Kaliappa Street, Sai Baba Colony, Coimbatore-641 038. Tamilnadu
88	Ex Solar Energy			Mr. Ashish    	8114826766			Exsun Power Infrastructure Pvt Ltd, No.IV/219,B4, Pala Road, Chunkam,Kolani P.O, Thodupuzha - 685 584
89	Exclamatory Energy 	Coimbatore, Tamilnadu	Tamil Nadu	Ravi   : 	9442339728	ravikumarhalan@gmail.com	33LLNPS3700G1ZW	Fairdeal Solar , First Floor, Red Cross Bhawan, Opp Jayant Talkies, Chandrapur, Maharashtra - 442402
90	Exsun Power Infrastructure Pvt Ltd	Thodupuzha, Kerala	Kerala	Anand	9745994439;  9662211099	exsunpowerltd@gmail.com	32AAFCE0093B1ZB	No. 135, Pushkar Industrial Estate, Phase I, Vatva GIDC,Ramol - Vatva Road,Ahmedabad - 382445, Gujarat
91	Fairdeal Solar	Maharashtra	Maharashtra	.Ajay	9423418669, 9766224822	"	fairdealsolarchanda@gmail.com"	27AAFFF5472Q1ZR	FigTips India Pvt Ltd , C-96, Shivalik, Lower Ground floor,, Near J&K Bank, New Delhi - 110017
92	FARMSON ENVIRO CARE	Gujarat	Maharashtra	Hitesh Prajapati, 	9687692154,91 79 40305916,	purchase.pv@farmsonsolar.com,  account@farmsonsolar.com,	24AABFF1170F1Z1	Forest Way Trust, Arunagiri Children Park, Opp Government Arts College, Chengam Road, Tiruvannamalai - 606603
93	FigTips India Pvt Ltd	New Delhi	New Delhi	Kunal Wadhwa :	9810022081	"	kunal@figtips.com"	07AADCF7237J1ZG	Eshaan Energy , Flat No 210, APHB Towers,, Opp GVR Music College,, BRTS Road,Vijayawada - 520003
94	Forest Way Trust	Thiruvannamalai	Tamil Nadu	Mr. Parasuraman - Arun	9943139267;9789841616		URP	Plot No.3, Hindustan Colony,, Wardha Road, Nagpur - 440015, Maharashtra, Shripal - 9763410000, 9403410000
95	Fortune Energy Solution LLP	Nagpur, Maharashtra	Maharashtra	Shripal -	 9763410000, 9403410000	shripal@fortuneenergy.in	27AAEFF8801C1ZQ	Plot No.N 45, H.No.4-9-10., HMT Nagar, Nacharam, Hyderabad-500076, Telangana
96	Fourth Partner Energy Pvt Ltd	Hyderabad, Telangana	Telangana	Anusha Vanga / Rohit ratchala	 9948496236 & '014027158865	rohitrachala@fourthpartner.co.	36AABCF6092M1Z8	Fourth Partner Energy Pvt Ltd -MH , No.1, 5th Floor, Down Town City, Vista, Fountain Road, Kharadi,, Pune - 411014, Maharashtra, India
97	Fourth Partner Energy Pvt Ltd -MH	Hyderabad, Telangana	Telangana	Anusha Vanga -	 9948496236 & '014027158865	rohitrachala@fourthpartner.co.	27AABCF6092M1Z7	#N/A
98	Frontline Systems and Services Pvt Ltd.	Porur, Chennai	Tamil Nadu	Venkatraman	9444020318;    044-22522500	venkat@frontlineups.com	33AAACF5213F1Z9	Venkat , Frontline Systems and Services Pvt Ltd. , Plot No.3, 2nd Cross Street, , 1st Main Road, Mangala Nagar- Porur , Chennai – 600 116 , 9444020318
99	Furbo Security Solutions Pvt Ltd	Cochin, Kerala	Kerala		"0484 2356513, 2317813				
, 8593004955"	amsonups@gmail.com 	32AABCF6543R1ZA	"46/60, 2nd Floor, Karthika Apartments, Panapilly Nagar, Cochin - 682036, Kerala, 0484 2356513, 2317813 
 
 , 8593004955"
100	Future Energy Resource Team	Veliyadhunadu, Kerala	Kerala	Shani Rajeev; Madhu.B	9544 302 111 ; 8547 853835 ; Madhu.B. (Contact No. +91 8547 853835) 	 shani.rajeev@fertworld.com	32AADFF3409P1ZF	Future Energy Resource Team , HQ: #57 Bodhi Nagar, Thattamala, Kollam – 691 020, Kerala
101	Gadgeon Lifestyle Pvt Ltd	Cohin, Kerala	Kerala	Ragesh 9633186217	9633186217	finance@gadgeon.com; solar@gadgeon.com	32AAGCG5436M1ZG	Gadgeon Lifestyle Pvt Ltd , VI/405-E6, Off Seaport-Airport Road, Fathima Tower, Malepally Road, Thirkkakara P O, Kochi-682021
102	Geeta Solar	JALGAON	Maharashtra	Mukesh   	9823022259			Mr.Mukesh Supanrkar ,Geeta Solar ,GEETA SOLAR SYSTEMS M- 132, ,Behind Godawari Engineering College, MIDC, ,Jalgaon-425003, Maharashtra, India ,9422031811
103	GEETHANJALI ENGINEERING	Coimbatore, Tamilnadu	Tamil Nadu	P.Shelliya	9842856341, 9965556341	geethengg@gmail.com	33CXNPS5911E1ZC	No.6/290 , P.G Pudur, Masagoundenchettipalayam, Kovilpalayam, Coimbatore - 641 107, Tamilnadu
104	GENISYS SOLAR	Alankuppam, Pondicherry	Pondicherry	Sivamani.R	9751531511	avshivam@gmail.com	34CULPS5973H1ZY	Plot No. 4, J.M.J. Mother Land, Alankuppam, Puducherry - 605 111
105	Gewis solar	Pune, Maharashtra	Maharashtra	Amrut	8885856008	amrut.moharir@gewisrenew.com		#N/A
106	Gigawatt solar 	Hyderabad	Telangana	Mr. Rajesh Parakala	9966489966	rajeshp@gigawattsolar.in		#N/A
107	Global Energy Solutions	Bangalore, Karnataka	Karnataka	Mr. Biju   	9731941800		29AFEPC0108G1Z2	42 & 43, 4th cross, Bhuvaneshwari Nagara,Bangalore - 560024
108	GMR Solar			Mr. Ramesh	9043048653			No. 175/1-2, M.G Road,Villupuram-605 602, TamilNadu, India.
109	G-Nexter Energies,	Villupuram ,tamil Nadu	Tamil Nadu	  J.Mohammad Riaz,	 04146-223386, 99941 90901	gnexterenergies@gmail.com	33AUUPM6894J1ZO	Mr. Mabin , GoGreen Solar (P) Ltd , 1622/E AKKM Tower, , 9526236777
110	GoGreen Solar (P) Ltd	Cochin, Kerala	Kerala	Mr.Shadik - 8075893119	Mabin, 9526236777	mabin@gogreenpv.com; finance@gogreenpv.com	32AAFCG1319Q1ZJ	VISHWAKALYAN, 4th Floor, S.No. 149/3 Off ITI Road, Near Parihar Chowk , Aundh Pune - 411 007
111	Gram Oorja Solutions Pvt Ltd	Pune, Maharashtra	Maharashtra	Mr. Kiran	9372862342	sumeet@gramoorja.in	27AADCG1321Q1ZI	NEW SURVEY NO.413/9 , 413/13, Poothurai, POOTHURAI REVENUE VILLAGE - 605111
112	GRATITUDE FARMS PRIVATE LIMITED	Poothurai, Tamil Nadu	Tamil Nadu	VP Sharma			33AAHCG4370M1ZE	#N/A
113	Green Energy 	Bangalore, Karnataka	karnataka	Mr. Babu	99480002992			Cottage No 4, Bangalore Palace, Vasanth Nagar, Bangalore - 560052
114	Green Fuel Supplies Pvt Ltd	Bangalore, Karnataka	karnataka	Mr. Deepak 	9845004988	deepak@greenfuel.co.in	29AADCV0598G1ZZ	No. 16/1, Bangaru Nagar, Opp Vellalar Engineering college , Thendal, Erode - 638 012
115	Green Hitech Solutions	Erode, Tamil Nadu	Tamil Nadu	 Prabhakar :	8883391879	greenhitechsolutions@gmail.com ;  greenhitechsolutionsofc@gmail.com	33EQZPS8038B1ZA	Green Life Solutions Pvt. Ltd.,Plot No.-36, Atrey layout,Pratap Nagar, Nagpur - 440022, Maharashtra
116	Green Life Solutions Pvt. Ltd.,	Nagpur, Maharashtra	Maharashtra	Jayant Karankar : 	9225332013		27AAECG7182J2Z7	Green Power System , No. 26 / 99F, National Building, Kallittanada Mailambadi Road,, Govindapuram Post, Kozhikode - 673 016
117	Green Power System	Calicut, Kerala	Kerala	Mr. Thomas : 	9847784999, 7510766999	info@greenpowersys.com	32BTZPP8379Q1Z5	Mr. Ramanand Kashyap , Gurucharan Power Solutions , A/4-12, Tirupati Garden, Tapdiya Nagar, , Darga Road, Shanurwadi, , Aurangabad 431 005, Maharashtra , 9503485558 & 8999405107
118	Gurucharan Power Solutions	Aurangabad , Maharashtra	Maharashtra	Ramanand Kashyap	 9503485558 & 8999405107	gurucharanpower@gmail.com.	27AAQFG4733J1ZZ	#N/A
119	Hct Sun ( India) Pvt Ltd	Pune, Maharashtra	Maharashtra	PRIYANKA YADAV  : 	 91 7208930453	amol@hct.solar	27AAECH0364H1ZQ	Hct Sun ( India) Pvt Ltd, L&T Seawoods Grand Central,Tower 1, 10th floor,Office 138, Sector 40, Nerul,Navi Mumbai 400706, Maharashtra
120	Helios Services	Hyderabad, Telangana	Telangana	Mr.Kiran -	9849070064	"	kiran@thehelios.in"	36AAHFH8993C1Z1	"Helios Services , Plot No 37, UBI Colony,, Road No 3, Banjara Hills, Hyderabad,
 
 , Telangana, India, 500034"
121	Hemant Chemicals	JALGAON	Maharashtra	Mr. Swapnil Cell:	0257- 2238763, 9370171647	info@hemantchemicals.com	27AABFH4349G1ZG	67, NAVI PETH OPP. OLD BUS STAND, JALGAON- 425 001, Maharashtra, PH. 0257- 2238763
122	HERS  Home Need Shop	Auroville, Tamilnadu	Tamil Nadu				33AAATA0037BXZV	HERS, Kottakarai, Auroville-605101
123	Hyde source solar	Bangalore, Karnataka	Karnataka	Mr. Prathik	9380781216	prathik@hydesource.com		#N/A
124	Ideal Solar	Tirupur, Tamil Nadu	Tamil Nadu	Mr. Venkatasubramaniam. M; Augustin Rajasekar D	9944455780; 9003595780	sales@idealsolarsolutions.in		Mr. Venkatasubramaniam. M , Ideal Solar Solutions , No.46/60, Sadayappan Koil Street , Union Mill Street Extn, Valipalayam , Tirupur - 641 601 , 9894055780 & 9944455780
125	Illume Industries	Chennai, Tamil Nadu	Tamil Nadu	Vignesh Sekaran	70920 00307	vignesh.illuminei@gmail.com		Illumine Industries Private Limited, Chennai,
126	India Battery Service	Coimbatore, Tamilnadu	Tamil Nadu	Mr. Akshay Parekh	9894472602	ibsibs@rediffmail.com	33ARMPA1178Q1ZH	195, Rangai Gowder Street, Coimbatore- 641001,
127	INDIIAAN SUN PROJECTS AND ELECTRIC WORK	Maharashtra, India	Maharashtra	Mr.Aditya - 	8087709227	"	info@indiansun.in"	27BZYPB0758G1Z1	INDIIAAN SUN PROJECTS AND ELECTRIC WORK , Near TV Reality Center,Ganesh Nagar, Gondia, Gondia- 441601, Maharashtra, India
128	Indu Sukedo Shegokar	Bhuldhana, Maharashtra	Maharashtra	Mr. Avinash : 	9960609258	avinashsshegokar@gmail.com		IndusAssist Private Limited , No 92, 2nd C Main, RHCH Layout, Annapoorneshwari Nagar, Bengalore - 560091
129	IndusAssist Private Limited	Haryana	Maharashtra	Mr. Aman Gupta	9729210008	md@indusassist.com	29AAECI3535P1Z1	ASK Towers, 5th Floor AECS Layout, Kundanahalli, Bangalore - 560037, Bangalore
130	Insolare Energy Pvt Ltd	Mumbai, Maharashtra	Maharashtra	Sudhakar, Mob- 	9821664213	chandrashekar@insolare.com	 29AABC19750P1ZR	Insolate Solar Pvt Ltd, Plot No 73, New DLF Industrial Area, Faridabad - 121003, Haryana
131	Insolate Solar Pvt Ltd	Faridabad,Haryana	Haryana	Bharat	9810217892		06AAECI1563K1ZJ	Isha Solar Energies, , No - 439,1 St Main Road, Pailayout ,, Bangalore -560016
132	Isha Solar  Energies,	Mangalore, Karnataka	Karnataka	Robin Rajesh	9074355231	"	robin.rajesh@gmail.com"	29AHAPR9184P1ZA	Jaipur Tuffen Glass Industries Pvt Ltd, E-2285 (c), Ramchandrapura Industrial, Area Sitapura Extension, Goner Road Jaipur- 302022, Rajasthan
133	Jaipur Tuffen Glass Industries Pvt Ltd	Jaipur, Rajasthan	Rajasthan	 Cont: Mr.Saurabh Sethi - 7014545283	7014545283		08AADCJ2204M1ZN	No 66, 4th cross, Govinayakanahalli, kumaraswamy layout, 2nd stage,Bangalore 560078
134	Jas Ecoenergy Solutions INC	Bangalore, Karnataka	Karnataka		9663563195	jasecoenergy@gmail.com	29BZSPA4838A1ZB	LIG-142,, Balajinagar, Kukatpally, Hyderabad- 500072
135	Jighisol Systems Pvt Limited	Kukatpally, Hyderabad	Telangana	Mr. Arrunav	   8977111277, 9618900227	arrunav@jighisol.com	36AADCJ7980J1Z1	JP Solar , 464-1A Sirunkundram Road, Sirunkundram Village, Sirunkundram, Kanchipuram District, Tamilnadu - 603108
136	JP Solar	Kanchipuram, Tamilnadu	Tamil Nadu	Mr.Shanmuganathan - 9176008564	Mr.Shanmuganathan - 9176008564	dasanp.jps@gmail.com	33AALFJ9316M2ZW	Jubilant Consulttech. Franco Enclave P T Jacob Road, South Moolamkuzhi, Cochin - 682507, Kerala
137	Jubilant Consulttech.	Cochin, Kerala	Kerala	Capt Francis: 	98463 44995		32AAPPF8433R1Z4	Jugal Tube Pvt Ltd , Shed No. A2/56 , GIDC, Killa Pardi,, Dist. Valsad 396125, Gujarat
138	Jugal Tube Pvt Ltd	Gujarat	Maharashtra	Mr. Vimal Lamba	8527137400	"	jtplsolar@gmail.com"	24AAACJ6148D1ZW	Kabra Enterprises, Shree Ram Path, Koiriya Tola, Raxaul - Bihar - 845305
139	KABRA ENTERPRISES	Raxaul - Bihar	Bihar				URP	#N/A
140	Kaizen Energy	Hyderabad	Telangana	Mr. Pavan   	9963413105	kaizen.pbc@gmail.com		"Office Address: 8-7-178/27, swarnadhama nagar, Old Bowenpally,
 Hyderabad – 500 011, Telangana, INDIA."
141	Kalinda Solar Pvt Ltd	Karnal,, Haryana	Haryana	Mr.Ajeet Singh  	8529373805		06AAGCK6750L1Z6	Mr.Ajeet Singh ,Kalinda Solar Pvt Ltd ,Sco 22, Urban Estate,Sector 13, Karnal,, Haryana 132001, , 8529373805 , ,
142	Kalinga Kommercials	Bhuvaneshwar, Odissa	Odissa	sanjai tawan	9937007399	sd@kalingasolar.com	21AANPD9614Q1ZC	Mr.Sanjay Dhawan , Kalinga Kommercials , 23, Shubham Market, Ram Mandir Sqaure, , Bhubaneswar - 751001 , 9937007399
143	Kankaria Solar Systems	Jodhpur, Rajasthan	Rajasthan	Rakesh  	98290 24513	uttamrakesh@gmail.com	08AGIPK6999C1ZX	Kankaria Solar Systems, Kankaria Building, First A Road, Sardarpura,Jodhpur - Rajasthan - 342003
144	Karmasukom	Bhiwandi	Maharashtra	Mr. Karan		karan@karmasukom-energy.co.in		No. 10 Pipeline Road, Bengaluru - 560057
145	Kaval Power Private Limited	Bangalore, Karnataka	Karnataka	Mr. Ashish   	9535300288	ank@kavalgroup.com	29AAFCK9564M1ZN	Kaytom Energy Private Limited, TC 6-3412, Floor-, Koodu Buildings,Kochullur Junction, Thiruvananthapuram-695011
146	Kaytom Energy Private Limited	Kerala	Maharashtra				32AAGCK2770C1ZY	Groves Hill Road,, P.B No.35,, Kotagiri-643217, Nilgiris
147	Keystone Centre	Kothagiri, Nilgiris	Tamil Nadu	Mr. Wilfred	9443747782	kf.keystone-foundation.org	URP	KKN Energy Private Limited, Vridhi D2, No. 45, 1st Main Road,Raja Annamalaipuram, Chennai - 600028.
148	KKN Energy Private Limited	Chennai, Tamil Nadu	Tamil Nadu	Shakir -	7550081547		33AAFCK6574R1ZS	Branch: 5-B, Sri Alamelu Nagar, Kamarajar Road, Coimbatore, Tamil Nadu.
149	KONDAAS AUTOMATION PVT LTD.,	Coimbatore, Tamilnadu	Tamil Nadu	uma	9244414441, 9894066529	"	uma@kondaas.com,
purchasekondaas@gmail.com"	33AAACK7337F1ZR	Mr.Santosh Jain ,Koushith Solutions , Mahaveer Road, Behind Jain Temple, ,Mandipet, Davanagere, Davangere-577001, ,Karnataka, India ,8217463204
150	Koushith Solutions	Devangere, Karnataka	Karnataka	Mr. Santosh Jain	9060331047	"	koushithsolutionsdvg@gmail.com"	29AGAPJ3772G1ZD	Kovvai Auto Power , No.195, R.G.STREET, Coimbatore- 641001
151	Kovvai Auto Power	Coimbatore, Tamilnadu	Tamil Nadu	Mr. Akshay Parekh	9894472602	"	ibsibs@rediffmail.com"	33AEFPP5969L1ZV	29/2862. ‘ADITHYA’, NEAR GANDHI SQ., POONITHURA,Kochi - 682038
152	KRAFTWORK SOLAR PVT LTD	Kochi, Kerala	Kerala	Karthik.S,	9446810999, 0484-2707228	info@kraftworksolar.com	32AABCK9840J1ZF	Krannich Solar Pvt Ltd, Gate No. 516, At Post Wagholi, Opp- To Vijay Warehousing, Katakewadi.Tal. , Haveli, Dist - Pune - 412297, Maharashtra
153	Krannich Solar Pvt. Ltd	Pune, Maharashtra	Maharashtra	Pavan Naigandhi 	7287045788 /7263946206		27AAHCK3327Q1Z0	KRIPA AGENCIES, A100, Kanaka Nagar Vellayambalam, Trivandrum 695010, Kerala
154	KRIPA AGENCIES	Trivandram, Kerala	Kerala				32BYBPS2619M1Z9	Mr. Venkat Balaji , Kyraphoton , No. 104, Kamakshi Residency, , Main Road,Sheela Nagar , Visakhapatnam - 530 012 , 9790923111
155	KYRA PHOTON TECH PVT. LTD - TN	THIRUPUR, Tamil Nadu 	Tamil Nadu	 Vijay Antony    9940090198,	 Selvam/9840995741	kyraphoton@gmail.com; venkat.balaji@kyraphoton.com	33AADCE5584D2ZS	Laxminarayan Solar Systems, 67, NAVI PETH OPP., OLD BUS STAND, JALGAON- 425 001, Maharastra
156	Laxminarayan Solar Systems	JALGAON	Maharashtra	Swapnil	9370171647	info@hemantchemicals.com	27AABFH4349G1ZG	Karmasukom Energy LLP , Unity 12, C/8, Bhumi Industrial, Pimplas, Vehele, Thane- 421301
157	Lesol Solar LLP	Kannur, Kerala	Kerala	Rimna	6235 323 231/98467 55004	info@mylesol.com	32AAHFL3153E1ZR	Lesol Solar LLP , OPP DINESH BHAVAN, S N PARK ROAD, P O PAYYAMBALAM,, KANNUR-670001, Kerala
158	Lightning Power Control (india Battery)	Coimbatore, Tamilnadu	Tamil Nadu	V. BALAJI	9790923111	kyraphoton@gmail.com		Lizy Jose , Pulikkan House, Thrissur- 680651, Kerala
159	Lion Energy (insolare)	vizag	Andra Pradesh	Mr. Sairam	9841669755			Abraham Kuruvilla , Luma Systems , Thadathil Building , Vakathanam PO. Kottayam - 686538, Kerala , 9447356661
160	Liv solar			Mr. Lokesh	9945459316			Lune Technology, No.35/9, East Vanniyar Street, West K K Nagar, Chennai- 600078.
161	Lizy Jose	Trissur, Kerala	Kerala				URP	Distt Court A Block, Ranjit AVN Amritsar, Punjab - 143 001
162	Luma Systems	Kotayam, Kerala	Kerala	Mr. Abraham Kuruvilla	9447356661	info@lumasystems.in	32CDHPK3649D1ZS	Mahalaxmi Enterprises , Gut No. 118/1/1A, Plot No. 19, House No. 2, Ahuja Nagar, Nimkhedi Shiwar, Jalgaon - 425001, Maharashtra
163	Lune Technology	Chennai, Tamil Nadu	Tamil Nadu				33CIVPP4019D1Z6	Manorama Singh, Lawspet, Pondicherry- 605008
164	Madhav Vidya Niketan	Amristar	Punjab	Kedar Nath	9888029503	seskochi.19@gmail.com	URP	#N/A
165	Mahalaxmi Enterprises	JALGAON	Maharashtra	 Ratansingh Rajput	9766155861	enterprisesmahalaxmi088@gmail.com	27DJJPP0010C1ZR	Mathirmandir, auroville, 605101
166	Manorama Singh	Pondicherry	Pondicherry				URP	Milani Touchlife Solar Energy Pvt Ltd , Sco 53-54-55 Sector 17D, THIRD FLOOR SECTOR-17D, Chandigarh - 160017
167	Maruthi Solar	Bangalore, Karnataka	Karnataka	Mr. Nayak	9980140804	info@maruthisolar.com		"MITTAL GLOBAL COT INDUSTRIES , Pansemal Road Khetia Dist 
 
 , Barwani(M.P)-451881"
168	Mathirmandir	Auroville, Tamilnadu	Tamil Nadu	Puthiyaraj 9384037091	9384037091		URP	Moopens Energy Services LLP, 65/1098, ST Sebastian Road,Kaloor - 682017, Kerala, India.
169	Milani Touchlife Solar Energy Pvt Ltd	Chandigargh	Maharashtra	Ms Rooma – 7307258097	7307258097	"	operationmilani@gmail.com"	04AALCM8006E1ZP	Morning MeadowsV , Vaisyam Complex, Wadakkanchery Road,, Kechery, Thrissur - 680501, Kerala
170	MITTAL GLOBAL COT INDUSTRIES	Madhyapradesh	Maharashtra	Darshan : 8855042498	8855042498	Mittalkht@gmail.com	23AAVFM4593M1ZG	NavAlt Solar & Electric Boats Pvt. Ltd , 1st Floor,Building No:298/B1,, University Road,CUSAT PO, Kochi-682022 Kerala India
171	Moopens Energy Services LLP	Kerala	Kerala	Mr.Suhail - 9946788884	9946788884		32ABGFM5237J1Z9	Lightning Power Control , No. 23, Veeraiya Street, Vazhudavur Road,, Puducherry - 605 009
172	Morning MeadowsV	Kechery, Thrissur	Kerala	Ziyad - 	9207338027	Morningmedows@gmail.com	32AERPC2955B1ZV	Network Techlab (I) Pvt Ltd , 41, Sarvodaya Industrial Estate , Opp. Paper Box,, Off. Mahakali Caves Road , Andheri East, Mumbai, Maharashtra - 400093
173	NavAlt Solar & Electric Boats Pvt. Ltd	Cochin, Kerala	Kerala	Prajod; Sangeet	9947333783; 81380 26545		32AAECN5227B1Z1	3A Regent Park,, Kolkata-700040., Mr. Sagar Sharma, Cell: 9674735960
174	Network  Techlab (I) Pvt Ltd	Mumbai, Maharashtra	Maharashtra	Sachin, Praveen	9167730533	"	pravin@netlabindia.com,
sachin.khamkar@netlabindia.com"	27AABCN2665A1ZT	#N/A
175	New Creation	Kolkata,West Bengal	West Bengal	Sagar Sharma	9674735960	sagarmalsharma2@gmail.com	19AAHFN2507L1Z2	#N/A
176	NEW VENTURE RENEWABLE ENERGY	Bangalore, Karnataka	Karnataka	Niranjan	6360 671 683	sales@newventurerenewableenergy.com	29BRNPR4895R1Z7	NEW VENTURE RENEWABLE ENERGY , Third FLOOR, No.1648, Opp. ROYAL COUNTY,, BDA Layout 8th, Bangalore - 560 083, Karnataka
177	Next Gen Green Solar			Mr. Hemant Parikh	9867381952	info@next-gengroup.com		Nimesh Energy Solutions Pvt. Ltd., MIG 18, Bharhut Nagar, Satna, Madhya Pradesh - 4850001
178	Nimesh Energy Solutions Private Limited	Bhopal, Madhya Pradhesh	Madhya Pradhesh	Mr. Ashish Vishway, 8871966627	Mr. Ashish Vishway, 8871966627		23AAECN9610J1ZG	Jeethan Castelino , Nlite Energy , Tripthi complex,Adjacent to Taj motor, , Kankanady by Pass Road, , Mangalore - 575002 , Karnataka , 9886970537
179	Nlite Energy Solutions LLP	Mangalore, Karnataka	Karnataka	Jeethan Castelino	9886970537	info@nliteenergy.com	29AARFN2447F1ZX	Nolly, Samasti, Auroville - 605 101
180	Nolly	Auroville	Tamil Nadu				URP	Mr. Aditya Bhandari , Northern Light Energy , G1 Kamala Heights, , 433/D, Somwar Peth, , Pune 411 001, IN , Maharashtra , 9049296783
181	Northern Light Energy	Somwar Peth,, Pune	Maharashtra	 Aditya Bhandari 	9049296783	aditya@northernlightenergy.in	27BSNPB7343D1ZT	NRG Technologists Pvt Ltd , No. 989/6 GIDC Makarpura, Vadodara 390010
182	NRG Technology	Baroda	Gujarat	Mr. Chaitanya Yadri	9824652624	cyardi@nrgtechnologists.com		24-1130U, VK Tower,Mankavu,Calicut-673 007, Kerala
183	Nurture sustainable technologies	Calicut, Kerala	Kerala	Mr Sajad	9544193778	sajad@nurturetechnologies.in	32AAQFN2340A1ZT	#N/A
184	Omnipresent Solar	Pune, Maharashtra	Maharashtra	Mr. Gaurav	9762320007			Onyx Siri Technologies , 2-2-1165/1/2, Tilak nagar,, Hyderabad - 500044, Tlangana State
185	Onyx Siri Technologies	Hyderabad, Telungana	Telangana	 Ms. Shirisha Polu	9000855655	sales@onyxsiri.com	36CGTPP8177J1ZB	710 Eco star, Vishehswar road, Goregaon( E ), Mumbai- 400063, Maharashtra
186	Oorjan Cleantech Pvt Ltd	Maharashtra	Maharashtra	 Ashish Gupta-8000420229 & Saurabh- 9045757618	9004286285, 9987034594	sanjana@oorjan.com,;anagha@oorjan.com,;accounts@oorjan.com,;gautam@oorjan.com,; shreyas@oorjan.com	27AACCO0718N1ZA	Orb Energy Private Limited, No. 95 Digital Park Road,2nd Stage, Yeshawanthapura,Bengaluru 560 022, Karnadaka, India
187	Orb Energy Private Limited	Bellary  - Karnataka	Karnataka 	Madan Kumar S R,	9900092186	sr.madan@orbenergy.com	29AAACO8596J1ZO	Ornate Agencies Pvt Ltd, G-14. Arunachal Building, Barakhambaa Road,New Delhi-110001
188	Ornate Agencies Pvt Ltd	New Delhi	New Delhi	Mr. Arvind Jain	9940270057	arvind.jain@ornatesolar.com	07AAACO2237Q1Z6	Park Guest House, Sri Aurobindo Ashram Trust, 1, Goubert Avenue ( Beach Road), Puducherry - 605 001
189	Park Guest House	Pondicherry	Pondicherry					Door No 200A, Madhavaram High Road, Madhavaram, Chennai: 600060, Tamilnadu
190	Parry Enterprises India Limited	Chennai, Tamil Nadu	Tamil Nadu	 Arunkumar N	8056008624	ArunkumarN@corp.murugappa.com 	33AAACP3643D1ZX	Elimchampet Village, Tirukazhukundram Taluk, Kanchipuram District - 603 405
191	Pathashaala (PCFL-KFI).	Thirukazhukundram, Kanchipuram	Tamil Nadu	Uma Iyer	7299938920/7299938910	gopinathmanikandan@hotmail.com	33AAATK0397G1ZS	Penta Solarex Pvt Ltd , Ground Floor, R - 20, Shree Dham,, Yudhishter Marg,C- Scheme, Jaipur - 302005
192	Penta Solarex Pvt Ltd	Bharatpur	Rajasthan	Mr. Lokesh -	9782879765	prakhar@pentasolarex.com	08AACCP1486C1ZL	RS No 157/1, 158/1, 158/2, 165/1, 166, Of Khijadiya Nana, RS No 15/1 of Depaliya, Rajkot - Jamnagar , Padadhari.Rajkot - Gujarat - 360110
193	Pixon Green Energy Pvt Ltd	 Rajkot - Gujarat 	Gujarat	Ms. Neha Mishra	9079637697	neha.mishra@pixonenergy.in	24AAKCP9148H1Z2	#N/A
194	PN Automation and Energy Solutions	Maharashtra	Maharashtra	Himanshu Ingale	9518798020	pnaes@outlook.com	27AAUFP5446P1Z6	PN Automation and Energy Solutions , No. 14, Nakshtra, Pratap Nagar,, Jalgaon, 425001
195	Polaar Tex	Tirupur, Tamil Nadu	Tamil Nadu	Vinoth	7373727276	polaartexoffice@gmail.com	33AFOPP6530R1ZP	No.7, V.K.R. Thottam 1st Street, Bss Road, Tirupur - 641 601, Tamilnadu
196	Powerect Systems	Trivandrum, Kerala	Kerala	surjit	81299 98126	uniqpower@yahoo.co.in	32AAOFP8350Q1ZI	Powerect Systems , Gongotri GRAC257, First Floor,, Guruji Road, Kuruvikadu, Vattiyurkavu, Trivandrum - 695013
197	Power-Up Solar	Bikaner, Rajasthan	Rajasthan				08CYQPA0416C1ZW	Power-Up Solar, Barah Guwad Chowk, Behind Mahadev Temple, Bikaner – 334001, Rajasthan
198	Prabhatkiran Sustainable Energy Pvt Ltd	Jalna, Maharashtra	Maharashtra	Mayur	9423844451	accounts@prabhatkiranenergy.com	27AAJCP3301K1ZF	Mr. Mayur , Prabhatkiran Sustainable Energy Pvt Ltd , 'Vidhata' Priyadarshani Colony , Sambhaji Nagar , Jalna - 431 203, Jalna - 431 203 , Maharashtra , 9423844451
199	Prana Renewable Energy Pvt Ltd	Thiruvananthapuam, Kerala	Kerala	Vinay 	7560807160	vinay@pranasolar.com	32AAICP9506F1ZH	446-D, Bapuji Nagar, Pongummoodu Medical College, Thiruvavananthapuram - 695011, Kerala
200	Prasiddhi solar Pvt ltd	Bangalore, Karnataka	Karnataka	Mr Krishna-  9008231732	9008231732	krishnakumarashetty@prasiddhisolar.com	29AAKCP5140K1Z1	Prasiddhi solar Pvt ltd , No. 293 1st Floor, Bekkarle Complex,, Nagarbhavi 2nd Stage, Bangalore-560072, Karnataka
201	QRS Retail Limited	Kotayam, Kerala	Kerala	Mr.C.Murugan ,Deepak P Anil : Office -	9847927449 ;  8606863722	deepakpanil@qrs.in ; anderson.kj@qrs.in	32AAACQ1665J1ZJ	Mr. Anderson , II/284, Visalatha , Kottayam - 686001 , West Temple Road, , Kerala , , 9446967853
202	R J, Electricals	Bangalore, Karnataka	Karnataka	Niranjan - 6360 671 683	 6360 671 683		29BMZPP8420K1Z0	R J, Electricals , No 2, Thirunaryana Iyengar Layout, Old Post Office Road, 7th Block ,, Jayanagar West - Bangalore - 560070
203	Raajratne Energy Holdings Pvt. Ltd.	Hyderabad	Telangana	Mr. Naresh	9177048881;  040-23559922-25	naresh.r@rehpl.co.in;  contactus@rehpl.co.in		Radiant Technologies # 1274, 14th Cross, Indira Nagar, 2nd Stage Bangalore - 560038
204	Radiant Solar	Bangalore, Karnataka	Karnataka	Mr . Arun Kumar	9845216865	radiantech@gmail.com		"Radianz Energy Pvt. Ltd.
 No. 26/77, II Floor,
 Dr. Ranga Road, Mylapore
 Chennai - 600 004, India."
205	Radianz Energy	Chennai, Tamil Nadu	Tamil Nadu	Mr. Seethram	9551293933	seetharaman@radianzenergy.com		S-557, School Block, Shakarpur, Delhi - 110092
206	Radion Energy Pvt Ltd	Nagpur, Maharashtra	Maharashtra	 Shubham Shiv Kumar Singh / Ankur	9834233053	info@radionenergy.com	07AAJCR5399F1ZW	Radius Solar World, M60, First Floor M Block, 9th Street, Anna Nagar East,Chennai 600102
207	Radius Solar World	Chennai, Tamil Nadu	Tamil Nadu				33AQRPN3262A3ZZ	Rajdeep Energies Pvt.Ltd , Sy. No.445&446, Medchal to Miyapur Bi-Pass Road,, Near Ayodhya Junction, Gowdavally ( V), Medchal (M), PIN: 501 401, Hyderabad, Telangana
208	Rajdeep Energies Pvt.Ltd	Hyderabad, Telangana	Telangana	Mr. Murthy  / Mahesh	9848540264 / 77022 02384  	Powercontrol@rajdeep.co.in; Murthy@rajdeep.co.in	36AADCR3614F1ZN	Rama Reflection India , No. 126, Opp Rajasthan Hospital, Banar Road, Jodhpur, Rajasthan - 342027
209	Rama Reflection India	Rajasthan	Maharashtra	Ram Jangid : 9099973475 ,9782041408	 9099973475 ,9782041408		08BKRPB7338G1ZW	Ranganathan. V, No.216,Gandhi Bazar, Near Bus Stand,Gingee - 604 202, Villupuram Dist, Tamilnadu
210	Ranganathan. V	Gingee - 604 202	Tamil Nadu		9443243150		URP	Mr. Sumant Khot ,Ravindra Solar energy ,Ravindra Energy Limited, BC 109, ,Davidson Road, Belgaum-590001, , Karnataka, India ,9373679608
211	Ravindra Solar energy			Mr. Sumant Khot	9373679608	sumant.khot@ravindraenergy.com / raghuveer.kattimani@ravindraenergy.com		RBA Power Private Limited, Old No-165/4, New No 1/12A,Vengateshwara Nagar ,20th Cross Street, Ramapuram, Chennai - 600 089, Tamilnadu
212	RBA Power Private Limited	Palladam - 641664	Tamil Nadu	Mr. Manikandan	9840859335 / 9600074654.		33AAHCR4102J1ZN	No.IV/219,B4, Pala Road, Chunkam, Kolani P.O, Thodupuzha - 685608, Kerala.
213	Reecco Energy India Pvt ltd	Thodupuzha - 685608, .	Kerala	Baby Martin	9745697444	baby@reecco.com	32AAGCR3382K1Z8	Reena Apparels, No. 6-7, Anand Vihar, Near Azad Nagar, Bahadur-Ke-Road, Ludhiana - 141008, Punjab
214	Reena Apparels	Ludhiana, Punjab	Punjab				03AEKPJ8885Q1ZK	REJI THOMAS , VADAKADATHU REJI VILLA, CHERUPUNCHA,, PERINGANADU. P . O, ADOOR, KERALA 691551
215	REJI THOMAS	Kerala	Maharashtra	Reji Thomas	9633945836	rejioman@icloud.com	URP	Renergys Systems India Private Limited , AP VI/683 ANUJTHENGU. P.O, Thiruvananthapuram – 695309
216	Renergys Systems India Private Limited	Trivandram, Kerala	Kerala	Mr.Arun - 9605322221	9605322221	"	Indiarenergy@gmail.com"	32AAGCR4791J1Z3	Renq Power Solution , xvII/222, College Road, Aruvithura PO, Kottayam ,Kerala - 686122
217	Renq Power Solution	Cochin, Kerala	Kerala	M.T. Thomas : 	7736060605	chacko@renq.co.in; thomasmt@renq.co.in	32AAGCR5649R1ZO	#N/A
218	RG Clean Energy	Khopoli, Maharashtra	Maharashtra	 Nitin Kholi 7030229299	7030229299	nitin@rgcec.com	27AAYFR0446B1Z3	Ayob ,Risto Solar , 30/146 Anjikath, VMB Rd, ,Changampuzha Nagar, ,Pathadipalam, PO, Kerala 682033 ,7510237777
219	Ricans Green Pvt ltd	Gurugram		Mr. Samarth Agarwal	8510010565	samarth@ricans.in		No. 15A, 2nd Floor., Thillai Nagar Main Road, Trichy - 620 018, Tamilnadu
220	Risto Solar			Mr. Ayob	7510237777	ceo@ristosolar.com		#N/A
221	Riveraa Computers	Trichy, Tamil Nadu	Tamil Nadu	Muthu Kumaran	9842455119	riveraasunway@gmail.com>	33AEWPM9450L1ZP	#N/A
222	Roop Solar	Chandigarh		Mr. Simran	9876941010	simranwalia9033@gmail.com		Sachet Advisory Services Private Limited , E 4 Shastri Nagar Ajmer, Rajasthan - 305001
223	Sachet Advisory Services Private Limited	Ajmer, Rajasthan	Rajasthan	Mr. Vishal                      	Mr. Vishal - 94140 15129                        	solars4u@gmail.com	08AAVCS0873K1ZL	SACHINS IMPEX , W - 350, T.T.C. INOUSTRIAL AREA,, MIDC RABALE, NAVI MUMBAl-400701, Maharashtra
224	SACHINS IMPEX	NAVI MUMBAl	Maharashtra	Mr. Ranjit deshatwad	9168052641 /9821081528		27AAKFS6523J1ZT	Ponmanis Building, Chalakudy, Thrissur, Kerala - 680307
225	Safe Tek Maintenance & Systems,	Thrissur	Kerala	Mr. Joo Jacob	9946559415	joojacob@gmail.com	32AKDPJ8773G1Z3	SARA SOLAR ENERGY , Survey No 2, Omkar Building, Gaikwad Nagar, Dighi, Pune - 411015, Maharashtra
226	SARA SOLAR ENERGY	Pune, Maharashtra	Maharashtra	 Sachin Tule	7304089865 / 9637833899 / 9284241669	sarasolarenergy@gmail.com	27AFFPT7183R1ZC	#N/A
227	Sauryakrupa Solar			Mr. Manoj	8275972166			Ground Floor Adisha Appartment, Khanderao Colony,Near Arambh Clinic, Near Ramdass Garden,Canada Corner, Nashik Maharashtra - 422009
228	Sauryaputra Solar			Mr. Rajendra Laddha	9422279346			SBR Enterprises.,No. 14A-3rd Street, Kongu Nagar.,Tirupur-641 607, Tamilnadu
229	Sauryouth			Ms. Kshitija Ruikar	8855990916	enquiry@sauryouth.co.in		Near Essar Petrol Bunk,, Rasipuram-Tiruchengode Main Road,, Andagalore Gate, Rasipuram, Namakkal- 637408, Tamilnadu, Mr. Bharanidharan - 9965151512
230	Sauryouth Enterprises	Canada Corner, Nashik	Maharashtra			enquiry@sauryouth.co.in	27APYPT4603F1ZE, 32AAHFE9958J1ZY	Seven Greens Solar Systems Pvt. Ltd., No: 3/34, Shree Ram Chs,Bldg No 1, MHB Colony, Khernagar, Opp Daulat Nagar,Bandra-East, Mumbai–400051.Maharashtra
231	SBR Enterprises.,	Tirupur-641 607	Tamil Nadu				33AFPPB3603L1ZM	Shashwat Cleanth Pvt Ltd., First Floor, A/7, Safal Profitaire,Corporate Road, Nr. Prahladnagar Garden,Ahmedabad - 380015, Gujarat
232	Selvamani	Namakkal	Tamil Nadu	Mr. Bharanidharan	9965151512	dharanbharani007@icloud.com	URP	Shivakumar S R , Eminent Tower, Dental Collage Road, Devangere - 577004, Karnataka
233	Seven Greens Solar Systems Pvt Ltd	Silvassa	Maharashtra	Bhushan -	9767601848		27AAQCS0641G1Z9	Shri Ganesh Enterprises , Biharilal Nagar, Nr Hotel Amit, Deulgoan Raja Road,Jalna - 431 203
234	Shashwat Cleanth Pvt Ltd.	Ahmadabad, Gujarat	Gujarat	Prasad Dongwar :	 98244 38884 | 079-40022224	purchase@shashwatcleantech.com; accounts2@shashwatcleantech.com	24AALCS6081K1ZX	Simba Solar Solutions Pvt Ltd, 176/ 23, D2, PBA Arcade, HMT Road Kalamassery, Kochi - 683104
235	Shivakumar S R	Devangere - 577004	karnataka				29AWIPS6237P1ZI	Mr. Seby Manavalan, Nilgiris Supermarket, Ettumanoor PO - 686631, Kottayam District, Kerala., , Cell: 8289938301 , , , ,
236	Shri Ganesh Enterprises	Jalna, Maharashtra	Maharashtra	Mr. Chandan Lavhade - 9423158298	Mr. Chandan Lavhade - 9423158298	shriganeshenterprisesjln@gmail.com 	27ACTPL1470E1ZH	Sjaar Infrastructure Pvt Ltd, DCB-525, Dlf Info Park, Chandrasekharpur, Chandaka Indistrial Estate, Bhubaneshwar -751024, Odisha
237	Simba Solar Solutions	Ernakulam, Kerala	Kerala	 Serin, Cell: 9633966228	9633966228		32ABCCS2698L1ZY	RG Clean Energy Co , 1st Floor, Above Celebration Hotel, Jakhotiya Arcade, Shilpahata Khopoli, Maharashtra - 410203
238	Siret Energy Engineering Pvt Ltd	Kottayam District	Kerala	Mr. Seby Manavalan	8289938301	sales@siretenergy.com	32ABBCS8296B1ZE	#N/A
239	Sjaar Infrastructure Pvt Ltd	Bhuvaneshwar, Odissa	Odissa		9040005874 & 9437005874		21ABCCS9170M1Z2	PP Singhal , Smart Roof Solar Solutions Pvt.Ltd , No. 2315/23D, Rajiv Nagar, , Old Delhi-Gurgaon Road, Gurgaon-122001, Haryana , 8506056789
240	Sky ray Solar	Nagpur	Maharashtra	Mr. Lokesh Nandanwar	9096010191	lokeshnandanwar@skyrayssolar.com		Smart Solar Energy Experts , Kartik Ingle, Opp Petrol Pump, Chhoti Umari, Akola - 444005, Maharashtra
241	Smart Roof Solar Solutions Pvt.Ltd	GOPALPUR-CHANDIGARH	Chandigarh	Avnish Verma, 85060 56789	9810179013		06AAVCS6215R1ZF	Thiruvathira, Kottamughal, Nalanchira P.O, Thiruvananthapuram - 695015, Kerala
242	Smart Solar Energy Experts	Akola, Maharashtra	Maharashtra	Karthik	9545556043	kartikingle03@gmail.com; smartsolarenergyexperts@gmail.com	27AEAPI8560H1ZG	SN SUN POWER INDIA PVT LTD, 6/70A SELAKKARICHAL, SULUR, Coimbatore - 641658, Tamil Nadu
243	Smart Solar Homes	Trivandram, Kerala	Kerala	Alan Babu 	91-9946554540/9846465454	alan@smartsolarglobal.com	32AXGPB2240N1ZT	Sobha Classic & Sobha Eternia Apartment Owners Association , Haralur Road , off Sarjapur Road ,, Bangalore - 560 102
244	SN SUN POWER INDIA PVT LTD	Coimbatore, Tamilnadu	Tamil Nadu	T. Saravanan/ Nirmala	9659548833	snsunpower@gmail.com	33AAVCS4531Q1ZL	SOFS Clean Energy Pvt Ltd, No.1/5, (30B/5), 1st Avenue, K Block, Anna Nagar East,Chennai - 600102. Tamilnadu
245	Sobha Classic & Sobha Eternia Apartment Owners Association	Bangalore, Karnataka	Karnataka	Mr Srijith -	 77609 84795	gsreeji@yahoo.com	29AANAS2247R1ZJ	Solar Green Solution , No.6, Patel Road, Perambur,, Chennai – 600 011
246	SOFS Clean Energy Private Limited	Anna Nagar East,, Chennai	Tamil Nadu			fredrick@solarforschools.co.uk	33AAZCS1402J1Z7	Solar Hub , No. 4/69D, Palal Building, Athani In, Thiruvaniyoor, Ernakulam, Kerala - 682308
247	Solar Era			Mr. Srinivas	8073382567			#N/A
248	Solar Green Solution	vellore, Tamilnadu	Tamil Nadu	Contact No: Murali 	Contact No: Murali - +91 9600861601	sales@solargreensolutions.in	33AEEFS3862A1ZD	Prabhatkiran Sustainable Energy Pvt Ltd, No. 4, Jeeval Residency, Sakalecha Nagar, Jalna 431 203, Maharashtra
249	Solar Hub	Ernakulam, Kerala	Kerala	George Varghese	9061348081	solarhubkochi@gmail.com	32AEEFS4942P1ZL	Sauryouth Enterprises , Ground Floor Adisha Appartment, Khanderao Colony,Near Arambh Clinic, Just Near Ramdass Garden,Canada Corner, Nashik Maharashtra - 422009
250	Solar Prabhatkiran			Mr. Mayur	9423844451			Pranjal Dhariwal , Solar Quest LLP , Shubh, Police Lines First Crossing , GOKHLE MARG, AJMER, RAJASTHAN - 305001 , 9600080961
251	Solar Quest LLP	Ajmer, Rajasthan	Rajasthan	Pranjal Dhariwal : 9600080961	Pridivraj : 9597706503, 9828661615	pranjal@solarquest.in	08ACJFS2440R2ZH	"Head Office G3 -B Wing Het Kunj
 VP Road, Andheri West
 Mumbai - 400 058"
252	SOLAR SQUARE ENERGY PVT LTD	Bhopal, Madhya Pradhesh	Madhya Pradhesh	Mr. Sujeet singh 9004334748	Mr. Sujeet singh 9004334748	bijan@solarsquare.in	27AAVCS8269F1ZI	Solarhub (PB) , Phagwara Road, Opppsite Moga Sokra Pharmacy, Hoshiarpur, Hoshiarpur, Punjab - 146001
253	Solarhub (PB)	Punjab	Maharashtra	Mr.Karan - 7018126770, 7696363183	7018126770, 7696363183	Solarhubcompany@yahoo.com	03GBLPK5300P1ZG	#N/A
254	Solarryte	Bhubaneswar / Cuttuck		Mr. Uday Kumar Reddy	7358258385	uday.reddy@solaryte.com		SOLECO ENERGY PVT LTD , No. 51/537©,First Floor,Highway Arcade, Victor Leenus Lane, Thykoodam,, Vytilla P O Kochi-682019, Kerala
255	SOLECO ENERGY PVT LTD	Kochi, Kerala	Kerala	Winson Mammen : 9447281085	Safia:8075669609	 admin@soleco.in	32ABCCS6458E1ZF	Soleden Power Private Limitd, No. A - 154 Hosan Khan Mewat Nagar, Alwar, Rajasthan - 301 001
256	Soleden Power Private Limitd	Alwar,  Rajasthan	Rajasthan	Saurabh Sethi,	7014545283	saurabhsethi@soleden.in	08AAYCS6030P1ZF	"#H-412,Sumel Business Park 7,
 Nr. Soni Ni Chali BRTS Bus Stand,
 Rakhiyal,Ahmedabad-380023"
257	Soleos Solar Energy	Rakhiyal,Ahmedabad	Gujarat	Mr. Aniket Rangholia	9033018903	aniket@soleos.in	GST NO. 36AATFK7558C1ZV.	SOLIS IMPERIUM LLP , ShivPushpa, 35-8 near PMT Colony, Mohan Nagar, RajgadToranaChowk, Dhankawadi, Pune- 411043
258	SOLIS IMPERIUM LLP	Pune, Maharashtra	Maharashtra	Mr.Atul Pawar	7304789696	amppower2u@hotmail.com ; ramharitapare95@gmail.com	27BIOPT7648L1Z5	Mr Rajesh Maloo ,Sologics India LLP ,32-33, Garg Building, Vidhyut Nagar B,Near DCM, Ajmer Road, Jaipur 302021. ,9001899170 ,
259	Sologics India LLP	Jaipur, Rajasthan	Rajasthan	Mr Rajesh Maloo- 9001899170	Mr Mansukh-  93526 83363	 <sologicsindia@gmail.com>Rajesh Maloo <rajeshmaloo29@gmail.com>	08ADAFS4896B1ZY	Solray Solutions LLP , 274-A, Satyam,, Pedem Road,, Mapusa, Goa- 403507
260	Solray Solutions LLP	Assagoa, Goa	Goa	Ms Sandhya- 	95974 34426	sandhya@solraysolutions.com	30ADGFS0210D1Z1	Somani Solar, Infront of Gondwana Vikas Mandal,,Near Tukdoji Putla, Nagpur 440024, Maharashtra
261	Somani Solar	Nagpur	Maharashtra		8766452120		27ADRFS6274N1Z0	3-91 Kajaragutthu, Hiriyadaka Post , Udupi, Karnataka, India - 576113, Shreesha Hedge - 9379799111, 8618717938
262	Soorya Solar Systems	Udupi, Karnataka	karnataka	Mr.Shreesha Hedge	9379799111   ,8618717938	shreeshahegde@ymail.com	29AOZPH6154B1ZL 	Chennai – Bangalore Highway, Opposite to Hyundai Motors,, Sriperumbudur Taluk, Irungattukottai, Tamil Nadu 602117, Dinesh Kumar : 7358559826
263	Sootless Energy Private Limited	Sriperumbudur Taluk, Irungattukottai	Tamil Nadu	Dinesh Kumar	7358559826	info@sootlessenergy.com	33AAVCS9012N1ZP	Southern Energy Development Corporation Ltd, No.43, Parry House, Moore Street, Chennai - 600001. Tamil Nadu
264	Soura Vidyut			Mr. Vinay raj	7795237267	vinay@sauravidyut.in		Sri Aurobindo Ashram Ttrust, Pondicherry. 605001
265	Southern Energy Development Corporation Limited	Kanchipuram Dist,	Tamil Nadu	Mr.Sudhakar	8056481373		33AAECS3210R2Z9	Mr.Srikanth Chandrasekar, 90/2, 9th South Cross Street,Kapaliswarar Nagar, Neelangarai,Chennai - 600 041, Tamilnadu
266	Spark Solar			Mr. Swapnil	9370171647	swapnil@sparksolar.co.in		Old Padoli, Near Pratap Yard, Chota Nagpur Road, Chandrapur - 442406, Maharashtra, 7447445082, 9923012344
267	Sri Aurobindo Ashram Ttrust	Pondicherry	Pondicherry	Mr.Sandeepan	9597541625		34AAATS2408L1ZJ	SSK Enterprises, 2420, Dalmandai, Opposite To Merchant Bank, Ahmednagar - 414001, Maharashtra
268	Srikanth Chandrasekar	Chennai, Tamil Nadu	Tamil Nadu	Mr.Mohan -	7397555762		URP	#N/A
269	Srinath Engineerings	Chandrapur - 442406	Maharashtra		7447445082, 9923012344	shrinath.acnts@gmail.com	27AKUPD4811C1ZC	Standard Engineering Company, 131/7B, Hadapsar Industrial Estate,Near Silver Jubilee Motors,Pune- 411013, Maharastra
270	SSK Enterprises	AHMEDNAGAR,, MAHARASHTRA	Maharashtra	Satish Kakani - 	9422224241	adityasolar12@gmail.com	27AKVPK8549H1ZB	Stergy Cleantech Pvt Ltd , Building No:12/16, Arattuvazhy Ward, Alappuzha, Kerala 688007 IN, Kerala
271	Standard Engineering Company	Pune, Maharashtra	Maharashtra	Chirag Pungaliya	9822036780	shreyarpradeep@gmail.com; chirag@sunbeam.net	27ABBFS7631R1ZH	Mr.Nedeem Kazi , Sugatu Infra Pvt Ltd , Sugatu Infra Pvt Ltd the Playce, , 1st Floor Marathon Maxima, LBS Road, , Mulund West , Mumbai - 400 080. Maharashtra , 8104914827
272	Stergy Cleantech Pvt Ltd	Cochin, Kerala	Kerala	Mr. Jithu, 81368 97316	81368 97316	accounts@stergycleantech.com	32AAYCS8836K1ZG	Sugatu Infra Pvt Ltd (GJ) , 15-A/B, Shah Industrial Park-2,, Lamdapura Road, Manjusar, Savli, Vadodara Gujarat 391775
273	Sugatu Infra Pvt Ltd	Nagpur, Maharashtra	Maharashtra	 Devendra. Nedeem Kazi	8104914827; 7906470871	hshringi@sudatu.net	27ABBCS0023N1ZF	Sun Best , 238 / 10, Nehru Ji Road, Valli Nagar, Theni - 625531
274	Sugatu Infra Pvt Ltd (GJ)	Gujarat	Maharashtra	Hemant Sarangi	79770 44390	sales@sugatu.net	24ABBCS0023N1ZL	Sun Ray Products Pvt Ltd, Bejai Church Complex, Bejai , Mangalore - 575 004, Karnataka
275	Sun Best	Tirunelveli 627201	Tamil Nadu	Rajesh : 	9994094400		33AGVPP4222E1ZE	Ms.Neha Bothra , No.31, 9th Main 4th Cross , RPC Layout Vijayanagar , Bangalore - 560 040
276	Sun Ray Products Pvt Ltd	Mangalore, Karnataka	Karnataka		9538010100	"	sunraypowersol@gmail.com,
contact@sunraysol.com"	29ABCCS5572K2ZR	Mr. Baddy Martin , Reecco Energy India Pvt ltd , No.IV/219,B4, Pala Road, , Chunkam, Kolani P.O , Thodupuzha - 685608 , Kerala , 9745697444
277	Sun Trop Solar Pvt Ltd	Bangalore, Karnataka	Karnataka	Neha : 9606621113, Office - 080 23119520	Neha : 9606621113, Office - 080 23119520	ankitjain@suntropsolar.com	29AASCS1914L1ZQ	#N/A
278	Sun World Solar Systems	Manjalloor, Kerala	Kerala	Baby Mathew 9745697444	9745697444	info@sunworldsolar.com	32AUKPS4959G1Z7	Suninfra Energies Pvt.Ltd , 10 Pritam Society,, Opp. State Bank Of India, Malegaon - 423203
279	Sunday Energy Solutions 	Edappal, Malappuram, Kera;a	Kerala	Jayaram	8281689962	sundayenergysolutions@gmail.com	32ESCPP4145R1Z9	No. 34 , I phase , Wood Creek County, Nandambakkam St.Thomas Mount, Chennai, Tamilnadu 600016
280	Sundigo Solar 	Lucknow UP	Uttarpradhesh	Mr. Nishant Agarwal	8173901023	commercial@sundigosolar.com		276 Rajeev Gandhi Nagar, Kota, Rajasthan
281	Suninfra Energies Pvt.Ltd	 Malegaon, Maharashtra	Maharashtra	Khalid Malik SunInfra :	 93708 30887	durgesh@suninfra.co.in	27AAWCS9843C1ZP	Sunplug Energy , C/o Sitara Hotel, Bapat Nagar,Nagpur Road, Chandrapur - 442401, Maharashtra
282	Sunmeister Energy Pvt. Ltd (OPC)	Chennai, Tamil Nadu	Tamil Nadu	Saswat Das	9884423493	saswat.das@sunmeister.in,	33AAUCS7563B1Z3	#N/A
283	Sunovative Private Limited	Rajeev Gandhi Nagar, Kota	Rajasthan	Mr Anubhav	9680597890	anubhav@sunovative.in	08AAXCS5196F1ZK	Sunrise Corporation , 20, Kailash Building ,, Panjarapole Complex, Neri Naka ,, Jalgaon-425001, Maharashtra
284	Sunplug Energy	Maharashtra	Maharashtra			Sunplugenergy@gmail.com	27ADLFS6065K1ZF	Sunrise Enterprises , Ratan Nagar, Mankapur, Nagpur 440030, Maharashtra
285	Sunray Solar			Mr. Raju	8788697659	sunraypowersol@gmail.com 		Sunshine Solar , Wafgaon Road,Rajgurunagar, Pune - 410505, Maharashtra, India
286	Sunrise Corporation	Jalgaon-425001	Maharashtra	Mr. Rajendra Laddha 	7020599824	suryaputrasystems@gmail.com	27AAAHL6045C1ZK	#N/A
287	Sunrise Enterprises	Maharashtra	Maharashtra	Mr. Yash - +919370355355	Mr. Yash - +919370355355	nadeem.tspl@gmail.com	27CBLPK4488E1ZA	B-312,G O Square, Wakad-Hinjewadi Road, Wakad, Pune-411057, Maharashtra
288	Sunshine Solar	Pune, Maharashtra	Maharashtra	Mr. Sachin Sangle	9623177366	sangle.sachin1@gmail.com	27BKAPS0630R1ZS	Sunson Energy Devices Pvt Ltd(UP), E-12 Sector 3 Noida, Alaknanda, Uttar Pradesh-201301
289	Sunshot Technologies Private Limited	Pune, Maharashtra	Maharashtra	Mr. Atul L Pakhale	9970473371	atul.pakhale@sunshot.in	27AAICA8224D1ZU	#N/A
290	Sunson Energy Devices Pvt Ltd	Hariyana	Maharashtra	Ms. Arshi 	9971930808		07AABCS8078E1Z7	Suntastic Solar Systems Private Limited, 27A / 69, First Pilliayar Koil Street, Lakshmipuram, Chrompet,Chennai - 600 044, Tamil Nadu.
291	Suntastic Solar Systems Private Limited	Neelankavil	Tamil Nadu		89398 38059		33AAXCS4958B1ZZ	Suntec Renewable Systems, No 2/26, KR Building, Sathy Main Road, , Kovilpalayam, Coimbatore - 641 107
292	Suntec Renewable Systems	Coimbatore, Tamilnadu	Tamil Nadu		9003019133		33AEDFS3056D1ZE	SUNTECH SYSTEMS, HENA SINGH, P O KG ASHRAM, KOLAKUSMA, SARIDHALA, KOLAKUSMA SARIDHALA,Dhanbad, Jharkhand, 828109
293	SUNTECH SYSTEMS	SARAIDHELA, DHANBAD	JHARKHAND				20HAHPS5304D1Z2	"Sunville Renewable Energy Pvt Ltd , ‘SAGAR’/C1,
 
 47B Sadananda Road
 
 , Kolkata – 700 026, West Bengal. INDIA"
294	Sunville Renewable Energy Pvt Ltd	Kolkata,West Bengal	West Bengal	Mr Sagar Sharma	Tel: +91 33 24668404/+91 9674735960 / 62	info@greenpowersys.com	19ABACS8103Q1ZU	SunWorks Energy Pvt Ltd, Road no 11, Jubilee Hills,Hyderabad - 500033, Telangana
295	SunWorks Energy Pvt Ltd	Hyderabad	Telangana		9666204402 / 8328083320		36AAVCS9974M1ZY	Surya Energy Solutions, 21/51, parson building, NH bypass Vyttila,Ernakulam\- 682 019 Kerala
296	Surya Energy Solutions	Ernakulam Dist 	Kerala				32BCLPJ4620H1ZV	Suryaamshu Renewable energy solutions, , Bldg -A, office no.- A 130, Heritage Princess,, Opp Almeida High school,, Ponda Goa - 403401
297	Suryaamshu Renewable energy solutions,	Ponda	Goa	Mayuresh	94229 70884	Mayuresh.upadhye@suryaamshu.co.in	30AEDFS4445Q1ZQ	Suryavizhudhugal Energy Solutions Pvt , Annai Indira Gandhi Street No. 6, Tagore Nagar, Lawspet, Pondicherry - 605 008
298	Suryatanaya Energy			Mr. Sidharth	8893609114			SWELECT ENERGY SYSTEMS LIMITED U3S, Unit 3 - Salem, No.58/3 Nachiyur Salem Main Road, Idappadi , Salem District - 637105, Tamil Nadu
299	Suryavizhudhugal Energy Solutions Pvt Ltd	Nagercoil, Tamilnadu	Tamil Nadu		9952479393		34ABBCS9601E1ZL	Tanto Beach Resort, Swimming Pool 1, Kalapet - 605014, Puducherry, India.
300	SWELECT ENERGY SYSTEMS LIMITED U3S	Salem, Tamilnadu	Tamil Nadu	Sabrina; Saravanan			33AAACN2366F2ZS	"TCM Limited (Formerty Travancore Chemical & Mfg.Co.Ltd), House No. 28/2917 ""Aiswarya"", Ponneth Temple Road, Shanthi Nagar, Kadavanthra ,Cochin - 682 020, Kerala."
301	Tanto Beach Resort	Puducherry, Auroville	Pondicherry				34AAATA0037BEZC	Teamsustain Limited , Team House' Plot No: 71, MRA., Kakkanad, Kerala India - 682 030
302	"TCM Limited			"	Kannur, Kerala	Kerala	Ranjit	6235044405, 6235044406			TECH SOLAR AND SYSTEMS , C-8, Ashtavinayak Paradise Society,, Koradi Road, Nagpur-440030, Maharashtra
303	Teamsustain Limited	Kerala	Kerala	Mr Biju – 9567870191	9567870191	purchase@teamsustain.in	32AACCT5908P1Z0	#N/A
304	TECH SOLAR AND SYSTEMS	Nagpur, Maharashtra	Maharashtra	 Pallavi - 8806992908	8806992908	sushil@techsolarsystems.com	27AAKFT5671L1ZH	Sanjivani, 2nd Floor, Opp, Navpratibha Night School, Reshimbag Square, Siraspeth, Umred Road, Nagpur, Maharashtra - 440024, Mr Saurabh, 8275398277, 7769985558
305	Technotium Tech	Nagpur, Maharashtra	Maharashtra	Mr Saurabh	8275398277, 7769985558	"	info@technotium.in,technotiumtech@gmail.com"	27AAMFT3787D1ZR	#N/A
306	Techser 	Bangalore, Karnataka	karnataka	Mr. Prasana joshi	9448990424 / 8903122696	psjoshi@techser.com		Madhok Complex, Opp, Silver Arc Mall, Near Arti Chowk, Ferozepur Road, Ludhiana - Punjab - 141001
307	Tecsa Solar Systems	Ludhiana	Punjab		9821465584	tecsasolar@gmail.com	03AGQPJ2851E1ZL	No.37, Ground Floor, 3rd Main, 1st Block, 3rd Phase, Banashankari, 3rd Stage, Bangalore - 560085
308	TerraServe International	Bangalore, Karnataka	karnataka	Mr. Suryatej M Vadulas	9008022440	suryatej@terraserveasia.com	 29AAJFT4611M1ZQ	Think Solar Energy Solutions, XI/166, Muravanthuruth, Vadakkekara PO, N, Paravur, Ernakulam- 683522, Kerala
309	Think Solar Energy Solutions	Ernakulam, Kerala	Kerala				32AAQFT7188J1ZG	S.No.531/3, Village : Sagawadi, Taluk : Sihor, Dist: Bhavnagar- 364001, Gujarat
310	Tulip Chemicals Pvt.Ltd	Bhavnagar	Gujarat	Hitesh Kapashi	9377104749	tulipchem@bsnl.in	24AAACT7833P1ZV	UNIFAB TEXCOT INDIA P LTD, S.f.no: 239 Vettaikaran Kaadu,Kumar Nagar, Kaniyur Village,Karumathampatti - 641659, Tamilnadu, India.
311	UNIFAB TEXCOT INDIA P LTD	Tamil Nadu	Tamil Nadu		9384441279, 8098515777		33AAACU7558A1ZK	Lok Gaurav A2 CHS Ltd, LBS marg Gandhinagar, Vikhroli West Mumbai - 400083
312	Unity Solutions	Vikhroli West Mumbai	Maharashtra	Mr Yogeshwar, Rakesh	8108149986	rakesh@unitysolution.net	27AIGPA9891B1Z9	UNNATI TECHNOFAB, S. No. 69, Next to Manjri Stud Farm,Pune - Solapur Highway, Tq. Haveli, Dist., Pune - 412307 Maharashtra, India.
313	UNNATI TECHNOFAB	Pune, Maharashtra	Maharashtra	Sager Kulkarni  99235 88413	99235 88413		27DZWPS9578H1ZY	Usap Solarfuel LLP , H NO -515, SHOP NO- 1, RADKE LAYOUT,, HINGNA ROAD, BALAJI BUS-STAND, Nagpur,, Maharashtra, 440016
314	Usap Solarfuel LLP	Nagpur, Maharashtra	Maharashtra	Mr. Anil Bhure : 9673579095	9673579095	solarfueljv@gmail.com	27AAFFU8724Q1ZB	SHOP NO 3, SHIVSAGAR SOCIETY,, CHENDHARE, ALIBAUG,, Raigad, Maharashtra - 402201, Swapnali, 7767000 - 680 & 667
315	VEGA LIGHTS TECHNO SERVICES	Mumbai, Maharashtra	Maharashtra	Swapnali, 7767000 - 680 & 667	7767000 - 680 & 667	vegalights@gmail.com	27ABQPL6461M1ZW	Mr. Venkatesh, , Vesat Solar Products , , No # 21/1, East Tv samy, , R.S. Puram, Coimbatore - 641002.
316	Vesat Renewables Private Limited	Coimbatore, Tamilnadu	Tamil Nadu	Vishak	95783 48884	projects@vesatsolar.com	33AAHCV0157B1ZT	VilvaTech - Experts in Automation , No.63, AA complex, Rahman Nagar,, Thanjavur Tamil Nadu 613004
317	VilvaTech - Experts in Automation	Swamimalai 	Tamil Nadu	Arun Baskaran	73393 33614		33KDBPS6551L1Z0	Vimco Solar , 8 - A Bhagat Singh Nagar, Model House, Jalhandar Punjab - 144001
318	Vimco Solar	Jhalnagar, Punjab	Punjab	Raghav	9041414599	"	internationalvimco@gmail.com"	03BCCPV9525N1Z2	Viridis Engineering India Private Ltd , No. 6, GK Sundaram St, KK Pudur,, Saibabacolony, Coimbatore - 641038, Tamil Nadu
319	Viridis Engineering India Private Ltd	Coimbatore, Tamilnadu	Tamil Nadu	Mr. Raveendiran, Nandhini M 	8220162493; 9677632453	raveendiran@viridisenergy.in	33AAECV7528D1ZF	"""Vridhi"" Flat No.D2, New No.45, 1st Main Road, R A Puram , Chennai - 600028"
320	Visalam Technology Services	R A Puram ,  Chennai	Tamil Nadu	Mr.M.Ulagappan	6374712353	ulagappan@visalamtech.com	33AAQFV0949K1ZN	Viva Technologies , No.53, Dr. N.G.P Nagar, Kalapatty (PO), Coimbatore - 641035
321	Viva Technologies	Coimbatore, Tamilnadu	Tamil Nadu	Thangaraj	9364444424	vivatech2006@gmail.com	33ADFPT5964Q1ZO	Mr. Muthukumar , VRM Energy Consultancy Services Pvt Ltd , No.1, Rathinammal Street , Rangarajapuram Main Road , Kodambakkam, Chennai - 600024
322	VRM Energy Consultancy Services Pvt Ltd	Kodambakkam, Chennai - 600024	Tamil Nadu				33AAECV2183N1Z1	Waaree Energy Pvt Ltd (Gujarat), No. A/234 Groumd Floor, Behind Surat, Ahmedabad Transport, Road No. 2.G.I.D.C, Sachin - 394 230, Gujarat
323	Waaree Energy Pvt Ltd (Gujarat)	Tirupati - 517561	Andhra Pradesh	 Mr. Deepak - 	7982046115		24AAACA4043J2Z1	#N/A
324	WAV Energy Solutions	Chennai, Tamil Nadu	Tamil Nadu	Ram Subramaniam - Managing Partner	75400 51510	info@wavenergy.in	33AACFW7524R1ZL	WAV Energy Solutions , 477L, Rajaji Street, Chakra Nagar, Paramathi Velur,, Namakkal - 638182,
325	Winman Software  India LLP	Mangalore, Karnataka	karnataka	Tejas- 6360 323 616		info@winmansoftware.com	29AACFW2560P1ZK	Winman Software India LLP , NH-66, Kottara Chowki, MANGALORE - 575013, KARNATAKA
326	WRS Energy Solutions LLP	Maharashtra	Maharashtra	Mr. Prashant - 82081 66080, 9860600912	 82081 66080, 9860600912	prashant@wersolar.in   ; accounts@wersolar.in	27AACFW6581E1ZY	WRS Energy Solutions LLP, Rathi Chambers, Khadkali Signal, GPO Road, Nashik 422001, Maharastra
327	Zodiac Energy Ltd.	Rajkot, Gujarat	Gujarat	Rameshbhai -  Hemendrabhai - 	6355373141; 9099917915,	purchase@zodiacenergy.com	24AAACZ1284C1ZN	Opp. Vizag Steel Godown, Sarkhej-Dholka Road,, Nr.Bharti Asharam, Fatehwadi, Sarkhej,, Ahmedabad-382210, Gujarat, Anish Shah : 8160052646.
328	Ztric India Pvt Ltd	Mumbai, Maharashtra	Maharashtra	Priyanka - 9011130322	9011130322	accounts@ztric.com, purchase@ztric.com	27AAACZ9226A1ZF	Ztric India Pvt Ltd , 501, Crystal Row House, Sahyadri Farms,Behing Kapil Complex, Baner Road, Pune - 411045
329	Olo Infra	Mumbai, Maharashtra	Maharashtra	Nitin Deshmukh	90828 26775	oloinfra@gmail.com		"Tathastu Renewable Energy Developer & Services , ""Sahajanand Apparment"" B Wing, Ground Floor, Flat No : 2 , Near Kids Zee School ,, Mahalaxami Nagar, Aadgaon – Nashik - 422003"
330	Phoenix Electric Corporation	Aurangabad, Maharashtra	Maharashtra	Sachin Narsikar-Phatak	93252 12237	phoenix.electric.corporation@gmail.com		U-Solar Clean Energy Solutions Pvt. Ltd. , S 208, 2nd Floor, The Excellency, No 8 Papanna Street, St. Mark's Road, Bangalore 560 001, Karnataka
331	Sigma Traders	Ludhiana	Punjab	Kawalraj Singh	78377 60013	sigmatraders0013@gmail.com		Solar Master , 70/E, 1, Poothrikka, Arikaranadu South,, Ernakulam, Kerala, 682308
332	Enrich Energy	Pune, Maharashtra	Maharashtra	Rakesh Herage	9886245838 ; 90229 32247	Rakesh.herage@enrichenergy.com		#N/A
333	Arka Energy	Sangli, Maharashtra	Maharashtra	Rushikesh Todkar	79727 26328			#N/A
334	Solpath Energy	Ahmedabad	Gujarat	Ravi Lakhani	95123 73381	Ravi@solpathenergy.com		#N/A
335	Tathastu Renewable Energy Developer & Services	Nashik, Maharashtra	Maharashtra	Gaurav Chavan	99237 64194	tathastu.energysales@gmail.com /  tathastu.energypurchase@gmail.com		#N/A
336	Goldi Solar Pvt Ltd	Surat	Gujarat	Sandip Vekariya	81413 08677	sandip.v@goldisolar.com		#N/A
337	Swarajya Solar Services	Nandurbar	Maharashtra	Shubham Sonawane	98341 78018	swarajyasolar01@gmail.com		#N/A
338	Meet Energy	Pune (bhosari)	Maharashtra	Chirag Shah	79723 22920	meetenergy.pv@gmail.com		#N/A
339	U-Solar Clean Energy Solutions Pvt. Ltd.	Bengalore, Karnataka	karnataka	Rajeev Choudhary	93121 68406	rajeev.choudhary@usolar.in		#N/A
340	Solar Pulse	New Delhi	New Delhi	Shahid -; Sanjiv Kumar.	9354390079; 9654276311	proc@solarpulseenergy.com		#N/A
341	Muthu Power System	Perambalur, Tamilnadu	Tamil Nadu	Manivannan	98427 79739; 99430 55504	"	muthupowerpblr@gmail.com"		Solar Pulse Energy Pvt Ltd , No.F-104, Vardhman Grand Market,, Dwarka Sector-3, New Delhi-110078
342	Solar Master	Ernakulam, Kerala	Kerala	Mr Sreekanth - 	9526451575, 812996688	gosolarmaster@gmail.com	32EFCPS1483A1ZT	Muthu Power Systems , No. 3/99 Mettur, Pudu Naduvalur Post,, Perambalur - 621220, Tamilnadu
343	EL SOL POWER SOLUTIONS	MATHUMOOLA, CHANGANACHERY , KOTTAYAM 	Kerala	Mr Libin	9496379203	elsolpowersolutions@gmail.com	32AAGFE2986H1ZE	
