1	Solar Optimizer   P401  (1.2M)                        	P401-5RM4MRMNA30	137							
2	Solar Optimizer   P404                                  	P404-4RM4MRM-NM31	124							
3	Solar Optimizer   P485                                  	P485-4RM4MRMNM25	0							
4	Solar Optimizer   P500 	P500-5RM4MRMMA21	2							 
5	Solar Optimizer   P505                           	P505-4RM4MBMNA22	47	9 - Automation Gallery						
6	Solar Optimizer   P605                           	P605-4RM4LBMNNA22	5							
7	Solar Optimizer   P801 Output 1.20Mtrs                                  	P801-4RM4MRMNA32	0							
8	Solar Optimizer   P801 Output 2.20Mtrs                                  	P801-4RM4MRYNA32	378							
9	Solar Optimizer   P850 Output 1.2 Mtrs                                  	P850-4RM4MBMNA23	0							
10	Solar Optimizer   P850 Output 2.2 Mtrs                                  	P850-4RM4MBYNA23	0							
11	Solar Optimizer   P850 Input 1.3 Mtrs                                  	P850-4RMXMBYNM23	0							
12	Solar Optimizer   P850 Input 0.9 Mtrs                                  	P850-4RMLMBYNM23	0							
13	Solar Optimizer   P850 Input 1.5 Mtrs                                  	P850-4RMYMBYNM23	0							
14	Solar Optimizer   P950 Output 2.2 Mtrs                                  	P950-4RM4MBYNA24	0							
15	Solar Optimizer   P950 Input 1.3 Mtrs                                  	P950-4RMXMBYNM24	0							
16	Solar Optimizer   P950 Input 0.90 Mtrs                                  	P950-4RMLMBYNM24	752							
17	Solar Optimizer  P1100 In 1.3 Out 2.4Mtrs	P1100-4RMXMBTNM24	861							
18	Solar Optimizer  P1100 In 0.16Out 2.4Mtrs	P1100-4RM4MBTNA24	400							
19	Solar Optimizer  S1100 In 1.3 Out 4.8Mtrs	P1100-1GMXMRTNM01	0							
20	Solar Optimizer  P1600 Out 2.4Mtrs	M1600-1RMMRTTYNM02	0							
 	 		 							
